weekday,date,home,home_score,away_score,away,overtime,forfeit,playoffs,playoff_round,league,division,code,notes
Sat,3/1/2025,UCD,40,0,Rebels,FALSE,FALSE,FALSE,,AFI,premier,senior,
Sun,3/9/2025,UCD,36,20,Knights,FALSE,FALSE,FALSE,,AFI,premier,senior,
Sat,3/15/2025,Panthers,7,47,Trojans,FALSE,FALSE,FALSE,,AFI,premier,senior,
Sun,3/23/2025,Knights,11,4,Admirals,FALSE,FALSE,FALSE,,AFI,premier,senior,
Sun,3/23/2025,Cowboys,10,0,Vikings,FALSE,FALSE,FALSE,,AFI,premier,senior,
Sat,3/29/2025,Vikings,0,0,Panthers,FALSE,FALSE,FALSE,,AFI,premier,senior,
Sun,3/30/2025,Cowboys,0,42,Trojans,FALSE,FALSE,FALSE,,AFI,premier,senior,
Sat,4/5/2025,Admirals,8,13,Trojans,FALSE,FALSE,FALSE,,AFI,premier,senior,
Sun,4/6/2025,Rebels,42,12,Panthers,FALSE,FALSE,FALSE,,AFI,premier,senior,
Sat,4/12/2025,Rebels,26,0,Cowboys,FALSE,FALSE,FALSE,,AFI,premier,senior,
Sun,4/13/2025,Knights,45,0,Vikings,FALSE,FALSE,FALSE,,AFI,premier,senior,
Sun,4/13/2025,Admirals,6,42,UCD,FALSE,FALSE,FALSE,,AFI,premier,senior,
Sat,4/19/2025,Vikings,0,40,UCD,FALSE,FALSE,FALSE,,AFI,premier,senior,
Sat,5/3/2025,Trojans,44,13,Knights,FALSE,FALSE,FALSE,,AFI,premier,senior,
Sun,5/4/2025,Panthers,6,36,Admirals,FALSE,FALSE,FALSE,,AFI,premier,senior,
Sat,5/10/2025,Trojans,40,8,Rebels,FALSE,FALSE,FALSE,,AFI,premier,senior,
Sun,5/11/2025,Knights,48,0,Cowboys,FALSE,FALSE,FALSE,,AFI,premier,senior,
Sat,5/17/2025,Admirals,16,8,Rebels,FALSE,FALSE,FALSE,,AFI,premier,senior,
Sun,5/18/2025,Panthers,23,8,Cowboys,FALSE,FALSE,FALSE,,AFI,premier,senior,
Sat,5/24/2025,UCD,12,29,Trojans,FALSE,FALSE,FALSE,,AFI,premier,senior,
Sun,5/25/2025,Vikings,0,33,Admirals,FALSE,FALSE,FALSE,,AFI,premier,senior,
Sun,5/25/2025,Panthers,0,49,Knights,FALSE,FALSE,FALSE,,AFI,premier,senior,
Sat,5/31/2025,Rebels,13,14,UCD,FALSE,FALSE,FALSE,,AFI,premier,senior,
Sun,6/1/2025,Vikings,20,0,Cowboys,FALSE,FALSE,FALSE,,AFI,premier,senior,
Sun,6/8/2025,Knights,7,22,Rebels,FALSE,FALSE,FALSE,,AFI,premier,senior,
Sun,6/8/2025,Cowboys,12,55,Admirals,FALSE,FALSE,FALSE,,AFI,premier,senior,
Sat,6/14/2025,Trojans,60,0,Vikings,FALSE,FALSE,FALSE,,AFI,premier,senior,
Sun,6/15/2025,UCD,35,0,Panthers,FALSE,TRUE,FALSE,,AFI,premier,senior,
Sun,6/15/2025,Admirals,30,10,Knights,FALSE,FALSE,FALSE,,AFI,premier,senior,
Sat,6/21/2025,Trojans,30,0,Panthers,FALSE,TRUE,FALSE,,AFI,premier,senior,
Sun,6/22/2025,Cowboys,0,52,UCD,FALSE,FALSE,FALSE,,AFI,premier,senior,
Sun,6/22/2025,Rebels,47,12,Vikings,FALSE,FALSE,FALSE,,AFI,premier,senior,
Sat,7/5/2025,Trojans,22,0,Rebels,FALSE,FALSE,TRUE,semifinal,AFI,premier,senior,
Sat,7/5/2025,UCD,38,22,Admirals,FALSE,FALSE,TRUE,semifinal,AFI,premier,senior,
Sun,7/6/2025,Knights,30,0,Vikings,FALSE,TRUE,TRUE,shield_final,AFI,premier,senior,
Sat,7/19/2025,Trojans,27,0,UCD,FALSE,FALSE,TRUE,shamrock_bowl,AFI,premier,senior,
Sun,3/9/2025,Giants,8,12,Vipers,FALSE,FALSE,FALSE,,AFI,div1,senior,
Sat,3/15/2025,Crusaders,40,22,Stags,FALSE,FALSE,FALSE,,AFI,div1,senior,
Sun,3/16/2025,Minotaurs,37,0,Rhinos,FALSE,FALSE,FALSE,,AFI,div1,senior,
Sat,3/22/2025,Crusaders,23,14,Giants,FALSE,FALSE,FALSE,,AFI,div1,senior,
Sun,3/23/2025,Minotaurs,28,20,Eagles,FALSE,FALSE,FALSE,,AFI,div1,senior,
Sat,3/29/2025,Vipers,0,8,Rhinos,FALSE,FALSE,FALSE,,AFI,div1,senior,
Sun,3/30/2025,Mavericks,44,6,Eagles,FALSE,FALSE,FALSE,,AFI,div1,senior,
Sat,4/5/2025,Crusaders,18,34,Minotaurs,FALSE,FALSE,FALSE,,AFI,div1,senior,
Sun,4/6/2025,Vipers,34,8,Stags,FALSE,FALSE,FALSE,,AFI,div1,senior,
Sat,4/12/2025,Rhinos,22,68,Mavericks,FALSE,FALSE,FALSE,,AFI,div1,senior,
Sun,4/13/2025,Eagles,28,22,Crusaders,FALSE,FALSE,FALSE,,AFI,div1,senior,
Sun,4/13/2025,Giants,12,16,Minotaurs,FALSE,FALSE,FALSE,,AFI,div1,senior,
Sat,4/19/2025,Rhinos,21,0,Stags,FALSE,FALSE,FALSE,,AFI,div1,senior,
Sat,4/19/2025,Eagles,0,30,Mavericks,FALSE,TRUE,FALSE,,AFI,div1,senior,
Sat,5/3/2025,Stags,16,16,Giants,FALSE,FALSE,FALSE,,AFI,div1,senior,
Sun,5/4/2025,Vipers,12,62,Mavericks,FALSE,FALSE,FALSE,,AFI,div1,senior,
Sat,5/10/2025,Crusaders,28,35,Rhinos,FALSE,FALSE,FALSE,,AFI,div1,senior,
Sun,5/11/2025,Mavericks,48,7,Minotaurs,FALSE,FALSE,FALSE,,AFI,div1,senior,
Sat,5/17/2025,Giants,14,30,Crusaders,FALSE,FALSE,FALSE,,AFI,div1,senior,
Sun,5/18/2025,Stags,12,9,Vipers,FALSE,FALSE,FALSE,,AFI,div1,senior,
Sun,5/18/2025,Eagles,0,27,Rhinos,FALSE,FALSE,FALSE,,AFI,div1,senior,
Sat,5/24/2025,Mavericks,50,0,Giants,FALSE,FALSE,FALSE,,AFI,div1,senior,
Sun,5/25/2025,Minotaurs,35,0,Stags,FALSE,FALSE,FALSE,,AFI,div1,senior,
Sat,5/31/2025,Eagles,42,8,Vipers,FALSE,FALSE,FALSE,,AFI,div1,senior,
Sat,5/31/2025,Mavericks,43,0,Crusaders,FALSE,FALSE,FALSE,,AFI,div1,senior,
Sun,6/8/2025,Stags,14,32,Eagles,FALSE,FALSE,FALSE,,AFI,div1,senior,
Sun,6/8/2025,Minotaurs,42,0,Vipers,FALSE,FALSE,FALSE,,AFI,div1,senior,
Sun,6/8/2025,Rhinos,59,20,Giants,FALSE,FALSE,FALSE,,AFI,div1,senior,
Sun,6/15/2025,Stags,0,60,Mavericks,FALSE,FALSE,FALSE,,AFI,div1,senior,
Sun,6/15/2025,Rhinos,8,35,Minotaurs,FALSE,FALSE,FALSE,,AFI,div1,senior,
Sat,6/21/2025,Vipers,0,30,Crusaders,FALSE,TRUE,FALSE,,AFI,div1,senior,
Sun,6/22/2025,Giants,6,30,Eagles,FALSE,FALSE,FALSE,,AFI,div1,senior,
Sun,6/29/2025,Stags,26,40,Vipers,FALSE,FALSE,TRUE,plate_semi,AFI,div1,senior,
Sat,7/5/2025,Minotaurs,19,17,Rhinos,FALSE,FALSE,TRUE,semifinal,AFI,div1,senior,
Sat,7/5/2025,Mavericks,64,0,Crusaders,FALSE,FALSE,TRUE,semifinal,AFI,div1,senior,
Sun,7/6/2025,Eagles,18,6,Vipers,FALSE,FALSE,TRUE,plate_final,AFI,div1,senior,
Sat,7/19/2025,Mavericks,44,0,Minotaurs,FALSE,FALSE,TRUE,harp_bowl,AFI,div1,senior,
Saturday,9/6/2025,Cowboys,30,0,Wildcats,FALSE,FALSE,FALSE,,AFI,prem,m_flag,
Saturday,9/6/2025,Trojans,45,33,Knights,FALSE,FALSE,FALSE,,AFI,prem,m_flag,
Saturday,9/6/2025,Vipers,12,20,Dragons,FALSE,FALSE,FALSE,,AFI,prem,m_flag,
Saturday,9/6/2025,Cowboys,27,33,Knights,FALSE,FALSE,FALSE,,AFI,prem,m_flag,
Saturday,9/6/2025,Trojans,26,13,Dragons,FALSE,FALSE,FALSE,,AFI,prem,m_flag,
Saturday,9/6/2025,Vipers,30,0,Wildcats,FALSE,FALSE,FALSE,,AFI,prem,m_flag,
Saturday,9/13/2025,Trojans,13,32,Cowboys,FALSE,FALSE,FALSE,,AFI,prem,m_flag,
Saturday,9/13/2025,Trojans,14,6,Vipers,FALSE,FALSE,FALSE,,AFI,prem,m_flag,
Saturday,9/13/2025,Vipers,20,51,Cowboys,FALSE,FALSE,FALSE,,AFI,prem,m_flag,
Sunday,9/14/2025,Labs,25,27,Minotaurs,FALSE,FALSE,FALSE,,AFI,prem,m_flag,
Sunday,9/14/2025,Panthers,24,19,Raptors,FALSE,FALSE,FALSE,,AFI,prem,m_flag,
Sunday,9/14/2025,Rebels,6,25,Hurricanes,FALSE,FALSE,FALSE,,AFI,prem,m_flag,
Sunday,9/14/2025,Minotaurs,27,32,Raptors,FALSE,FALSE,FALSE,,AFI,prem,m_flag,
Sunday,9/14/2025,Labs,33,33,Hurricanes,FALSE,FALSE,FALSE,,AFI,prem,m_flag,
Sunday,9/14/2025,Rebels,6,37,Panthers,FALSE,FALSE,FALSE,,AFI,prem,m_flag,
Saturday,9/20/2025,Knights,6,44,Dragons,FALSE,FALSE,FALSE,,AFI,prem,m_flag,
Saturday,9/20/2025,Wildcats,48,7,Knights,FALSE,FALSE,FALSE,,AFI,prem,m_flag,
Saturday,9/20/2025,Dragons,66,79,Wildcats,FALSE,FALSE,FALSE,,AFI,prem,m_flag,
Saturday,9/20/2025,Labs,26,43,Raptors,FALSE,FALSE,FALSE,,AFI,prem,m_flag,
Saturday,9/20/2025,Hurricanes,37,12,Panthers,FALSE,FALSE,FALSE,,AFI,prem,m_flag,
Saturday,9/20/2025,Minotaurs,32,12,Rebels,FALSE,FALSE,FALSE,,AFI,prem,m_flag,
Saturday,9/20/2025,Labs,14,43,Panthers,FALSE,FALSE,FALSE,,AFI,prem,m_flag,
Saturday,9/20/2025,Raptors,46,39,Rebels,FALSE,FALSE,FALSE,,AFI,prem,m_flag,
Saturday,9/20/2025,Hurricanes,50,28,Minotaurs,FALSE,FALSE,FALSE,,AFI,prem,m_flag,
Saturday,10/11/2025,Trojans,27,13,Vipers,FALSE,FALSE,FALSE,,AFI,prem,m_flag,
Saturday,10/11/2025,Trojans,47,8,Cowboys,FALSE,FALSE,FALSE,,AFI,prem,m_flag,
Saturday,10/11/2025,Vipers,32,61,Cowboys,FALSE,FALSE,FALSE,,AFI,prem,m_flag,
Saturday,10/11/2025,Hurricanes,28,21,Labs,FALSE,FALSE,FALSE,,AFI,prem,m_flag,
Saturday,10/11/2025,Raptors,28,19,Minotaurs,FALSE,FALSE,FALSE,,AFI,prem,m_flag,
Saturday,10/11/2025,Panthers,14,34,Rebels,FALSE,FALSE,FALSE,,AFI,prem,m_flag,
Saturday,10/11/2025,Raptors,32,34,Labs,FALSE,FALSE,FALSE,,AFI,prem,m_flag,
Saturday,10/11/2025,Panthers,20,12,Hurricanes,FALSE,FALSE,FALSE,,AFI,prem,m_flag,
Saturday,10/11/2025,Rebels,46,33,Minotaurs,FALSE,FALSE,FALSE,,AFI,prem,m_flag,
Saturday,10/18/2025,Dragons,6,25,Wildcats,FALSE,FALSE,FALSE,,AFI,prem,m_flag,
Saturday,10/18/2025,Wildcats,53,28,Knights,FALSE,FALSE,FALSE,,AFI,prem,m_flag,
Saturday,10/18/2025,Knights,32,34,Dragons,FALSE,FALSE,FALSE,,AFI,prem,m_flag,
Saturday,10/18/2025,Panthers,41,32,Labs,FALSE,FALSE,FALSE,,AFI,prem,m_flag,
Saturday,10/18/2025,Rebels,7,34,Raptors,FALSE,FALSE,FALSE,,AFI,prem,m_flag,
Saturday,10/18/2025,Minotaurs,28,13,Hurricanes,FALSE,FALSE,FALSE,,AFI,prem,m_flag,
Saturday,10/18/2025,Rebels,39,25,Labs,FALSE,FALSE,FALSE,,AFI,prem,m_flag,
Saturday,10/18/2025,Minotaurs,27,25,Panthers,FALSE,FALSE,FALSE,,AFI,prem,m_flag,
Saturday,10/18/2025,Hurricanes,6,21,Raptors,FALSE,FALSE,FALSE,,AFI,prem,m_flag,
Saturday,10/25/2025,Vipers,14,31,Knights,FALSE,FALSE,FALSE,,AFI,prem,m_flag,
Saturday,10/25/2025,Cowboys,0,45,Wildcats,FALSE,FALSE,FALSE,,AFI,prem,m_flag,
Saturday,10/25/2025,Cowboys,15,21,Dragons,FALSE,FALSE,FALSE,,AFI,prem,m_flag,
Saturday,10/25/2025,Trojans,20,25,Wildcats,FALSE,FALSE,FALSE,,AFI,prem,m_flag,
Saturday,10/25/2025,Trojans,40,19,Knights,FALSE,FALSE,FALSE,,AFI,prem,m_flag,
Saturday,10/25/2025,Vipers,35,35,Dragons,FALSE,FALSE,FALSE,,AFI,prem,m_flag,
Saturday,11/1/2025,Cowboys,12,34,Knights,FALSE,FALSE,FALSE,,AFI,prem,m_flag,
Saturday,11/1/2025,Trojans,46,25,Dragons,FALSE,FALSE,FALSE,,AFI,prem,m_flag,
Saturday,11/1/2025,Vipers,0,30,Wildcats,FALSE,TRUE,FALSE,,AFI,prem,m_flag,
Saturday,11/1/2025,Cowboys,25,26,Dragons,FALSE,FALSE,FALSE,,AFI,prem,m_flag,
Saturday,11/1/2025,Trojans,14,40,Wildcats,FALSE,FALSE,FALSE,,AFI,prem,m_flag,
Saturday,11/1/2025,Vipers,0,30,Knights,FALSE,TRUE,FALSE,,AFI,prem,m_flag,
Saturday,11/1/2025,Labs,26,19,Rebels,FALSE,FALSE,FALSE,,AFI,prem,m_flag,
Saturday,11/1/2025,Panthers,26,20,Minotaurs,FALSE,FALSE,FALSE,,AFI,prem,m_flag,
Saturday,11/1/2025,Raptors,26,12,Hurricanes,FALSE,FALSE,FALSE,,AFI,prem,m_flag,
Saturday,11/1/2025,Minotaurs,26,27,Labs,FALSE,FALSE,FALSE,,AFI,prem,m_flag,
Saturday,11/1/2025,Hurricanes,12,6,Rebels,FALSE,FALSE,FALSE,,AFI,prem,m_flag,
Saturday,11/1/2025,Raptors,32,25,Panthers,FALSE,FALSE,FALSE,,AFI,prem,m_flag,
Saturday,11/8/2025,Panthers,27,26,Dragons,FALSE,FALSE,TRUE,Wild Card,AFI,prem,m_flag,
Saturday,11/8/2025,Trojans,27,26,Hurricanes,FALSE,FALSE,TRUE,Wild Card,AFI,prem,m_flag,
Saturday,11/8/2025,Wildcats,40,13,Panthers,FALSE,FALSE,TRUE,Semifinal,AFI,prem,m_flag,
Saturday,11/8/2025,Raptors,12,27,Trojans,FALSE,FALSE,TRUE,Semifinal,AFI,prem,m_flag,
Saturday,11/8/2025,Raptors,12,46,Panthers,FALSE,FALSE,TRUE,3rd Place Game,AFI,prem,m_flag,
Saturday,11/8/2025,Wildcats,48,32,Trojans,FALSE,FALSE,TRUE,Emerald Bowl XI,AFI,prem,m_flag,
Saturday,9/6/2025,Stags,6,62,Mavericks,FALSE,FALSE,FALSE,,AFI,div1,m_flag,
Saturday,9/6/2025,Vipers 2nds,15,12,Gators,FALSE,FALSE,FALSE,,AFI,div1,m_flag,
Saturday,9/6/2025,Knights 2nds,6,0,Dragons 2nds,FALSE,FALSE,FALSE,,AFI,div1,m_flag,
Saturday,9/6/2025,Mavericks,33,6,Trojans 2nds,FALSE,FALSE,FALSE,,AFI,div1,m_flag,
Saturday,9/6/2025,Stags,0,30,Vipers 2nds,FALSE,TRUE,FALSE,,AFI,div1,m_flag,
Saturday,9/6/2025,Gators,8,25,Dragons 2nds,FALSE,FALSE,FALSE,,AFI,div1,m_flag,
Saturday,9/6/2025,Knights 2nds,19,28,Trojans 2nds,FALSE,FALSE,FALSE,,AFI,div1,m_flag,
Saturday,9/13/2025,Gators,25,45,Elks,FALSE,FALSE,FALSE,,AFI,div1,m_flag,
Saturday,9/13/2025,Trojans 2nds,0,52,Mavericks,FALSE,FALSE,FALSE,,AFI,div1,m_flag,
Saturday,9/13/2025,Dragons 2nds,13,14,Trojans 2nds,FALSE,FALSE,FALSE,,AFI,div1,m_flag,
Saturday,9/13/2025,Mavericks,47,7,Knights 2nds,FALSE,FALSE,FALSE,,AFI,div1,m_flag,
Saturday,9/13/2025,Elks,26,0,Dragons 2nds,FALSE,FALSE,FALSE,,AFI,div1,m_flag,
Saturday,9/13/2025,Gators,35,19,Knights 2nds,FALSE,FALSE,FALSE,,AFI,div1,m_flag,
Saturday,9/13/2025,Outlaws,12,24,Vikings,FALSE,FALSE,FALSE,,AFI,div1,m_flag,
Saturday,9/13/2025,Admirals,12,24,Vikings,FALSE,FALSE,FALSE,,AFI,div1,m_flag,
Saturday,9/13/2025,Admirals,26,7,Outlaws,FALSE,FALSE,FALSE,,AFI,div1,m_flag,
Saturday,9/13/2025,UCD,52,0,Panthers 2nds,FALSE,FALSE,FALSE,,AFI,div1,m_flag,
Saturday,9/13/2025,Panthers 2nds,0,25,Wolves,FALSE,FALSE,FALSE,,AFI,div1,m_flag,
Saturday,9/13/2025,Eagles,12,0,Wolves,FALSE,FALSE,FALSE,,AFI,div1,m_flag,
Saturday,9/13/2025,Rebels 2nds,0,38,Eagles,FALSE,FALSE,FALSE,,AFI,div1,m_flag,
Saturday,9/13/2025,UCD,33,18,Rebels 2nds,FALSE,FALSE,FALSE,,AFI,div1,m_flag,
Saturday,9/20/2025,Dragons 2nds,6,63,Mavericks,FALSE,FALSE,FALSE,,AFI,div1,m_flag,
Saturday,9/20/2025,Vipers 2nds,6,33,Elks,FALSE,FALSE,FALSE,,AFI,div1,m_flag,
Saturday,9/20/2025,Stags,0,30,Gators,FALSE,TRUE,FALSE,,AFI,div1,m_flag,
Saturday,9/20/2025,Mavericks,57,0,Vipers,FALSE,FALSE,FALSE,,AFI,div1,m_flag,
Saturday,9/20/2025,Elks,38,27,Gators,FALSE,FALSE,FALSE,,AFI,div1,m_flag,
Saturday,9/20/2025,Dragons 2nds,30,0,Stags,FALSE,TRUE,FALSE,,AFI,div1,m_flag,
Saturday,9/20/2025,Wolves,31,8,UCD,FALSE,FALSE,FALSE,,AFI,div1,m_flag,
Saturday,9/20/2025,UCD,48,18,Panthers 2nds,FALSE,FALSE,FALSE,,AFI,div1,m_flag,
Saturday,9/20/2025,Rhinos,6,32,Quetzals,FALSE,FALSE,FALSE,,AFI,div1,m_flag,
Saturday,9/20/2025,Vikings,54,0,Rebels 2nds,FALSE,FALSE,FALSE,,AFI,div1,m_flag,
Saturday,9/20/2025,Rhinos,28,12,Rebels 2nds,FALSE,FALSE,FALSE,,AFI,div1,m_flag,
Saturday,9/20/2025,Eagles,42,27,Vikings,FALSE,FALSE,FALSE,,AFI,div1,m_flag,
Saturday,9/20/2025,Panthers 2nds,6,36,Eagles,FALSE,FALSE,FALSE,,AFI,div1,m_flag,
Saturday,9/20/2025,Wolves,0,32,Quetzals,FALSE,FALSE,FALSE,,AFI,div1,m_flag,
Saturday,9/20/2025,Gators,40,0,Dragons 2nds,FALSE,FALSE,FALSE,,AFI,div1,m_flag,
Saturday,10/11/2025,Vipers 2nds,30,0,Stags,FALSE,TRUE,FALSE,,AFI,div1,m_flag,
Saturday,10/11/2025,Stags,0,30,Elks,FALSE,TRUE,FALSE,,AFI,div1,m_flag,
Saturday,10/11/2025,Vipers 2nds,18,13,Knights 2nds,FALSE,FALSE,FALSE,,AFI,div1,m_flag,
Saturday,10/11/2025,Knights 2nds,6,50,Elks,FALSE,FALSE,FALSE,,AFI,div1,m_flag,
Saturday,10/11/2025,Elks,39,0,Vipers 2nds,FALSE,FALSE,FALSE,,AFI,div1,m_flag,
Saturday,10/11/2025,Vikings,39,24,Outlaws,FALSE,FALSE,FALSE,,AFI,div1,m_flag,
Saturday,10/11/2025,Admirals,6,20,Vikings,FALSE,FALSE,FALSE,,AFI,div1,m_flag,
Saturday,10/11/2025,Outlaws,14,18,Admirals,FALSE,FALSE,FALSE,,AFI,div1,m_flag,
Saturday,10/11/2025,Rebels 2nds,12,33,Wolves,FALSE,FALSE,FALSE,,AFI,div1,m_flag,
Saturday,10/11/2025,Eagles,20,12,Rhinos,FALSE,FALSE,FALSE,,AFI,div1,m_flag,
Saturday,10/11/2025,Wolves,19,6,Rhinos,FALSE,FALSE,FALSE,,AFI,div1,m_flag,
Saturday,10/11/2025,Quetzals,0,30,Eagles,FALSE,TRUE,FALSE,,AFI,div1,m_flag,
Saturday,10/11/2025,Rebels 2nds,30,0,Quetzals,FALSE,TRUE,FALSE,,AFI,div1,m_flag,
Saturday,10/18/2025,Mavericks,72,6,Dragons 2nds,FALSE,FALSE,FALSE,,AFI,div1,m_flag,
Saturday,10/18/2025,Elks,27,40,Mavericks,FALSE,FALSE,FALSE,,AFI,div1,m_flag,
Saturday,10/18/2025,Dragons 2nds,36,0,Trojans 2nds,FALSE,FALSE,FALSE,,AFI,div1,m_flag,
Saturday,10/18/2025,Trojans 2nds,20,38,Elks,FALSE,FALSE,FALSE,,AFI,div1,m_flag,
Saturday,10/18/2025,Rhinos,0,27,UCD,FALSE,FALSE,FALSE,,AFI,div1,m_flag,
Saturday,10/18/2025,Vikings,18,13,Rhinos,FALSE,FALSE,FALSE,,AFI,div1,m_flag,
Saturday,10/18/2025,UCD,15,20,Vikings,FALSE,FALSE,FALSE,,AFI,div1,m_flag,
Saturday,10/18/2025,Admirals,26,42,Wolves,FALSE,FALSE,FALSE,,AFI,div1,m_flag,
Saturday,10/18/2025,Wolves,30,0,Quetzals,FALSE,TRUE,FALSE,,AFI,div1,m_flag,
Saturday,10/18/2025,Panthers 2nds,25,21,Admirals,FALSE,FALSE,FALSE,,AFI,div1,m_flag,
Saturday,10/18/2025,Outlaws,38,12,Panthers 2nds,FALSE,FALSE,FALSE,,AFI,div1,m_flag,
Saturday,10/18/2025,Quetzals,0,30,Outlaws,FALSE,TRUE,FALSE,,AFI,div1,m_flag,
Saturday,10/18/2025,Wolves,20,24,Outlaws,FALSE,FALSE,FALSE,,AFI,div1,m_flag,Makeup game not in standings
Saturday,10/25/2025,Elks,42,7,Knights 2nds,FALSE,FALSE,FALSE,,AFI,div1,m_flag,
Saturday,10/25/2025,Dragons 2nds,7,27,Vipers 2nds,FALSE,FALSE,FALSE,,AFI,div1,m_flag,
Saturday,10/25/2025,Trojans 2nds,30,0,Stags,FALSE,TRUE,FALSE,,AFI,div1,m_flag,
Saturday,10/25/2025,Stags,0,30,Knights 2nds,FALSE,TRUE,FALSE,,AFI,div1,m_flag,
Saturday,10/25/2025,Vipers 2nds,26,6,Knights 2nds,FALSE,FALSE,FALSE,,AFI,div1,m_flag,
Saturday,11/1/2025,Trojans 2nds,30,0,Stags,FALSE,TRUE,FALSE,,AFI,div1,m_flag,
Saturday,11/1/2025,Knights 2nds,12,22,Gators,FALSE,FALSE,FALSE,,AFI,div1,m_flag,
Saturday,11/1/2025,Vipers 2nds,0,30,Trojans 2nds,FALSE,TRUE,FALSE,,AFI,div1,m_flag,
Saturday,11/1/2025,Mavericks,30,0,Stags,FALSE,TRUE,FALSE,,AFI,div1,m_flag,
Saturday,11/1/2025,Gators,18,60,Mavericks,FALSE,FALSE,FALSE,,AFI,div1,m_flag,
Saturday,11/1/2025,Trojans 2nds,7,31,Gators,FALSE,FALSE,FALSE,,AFI,div1,m_flag,
Saturday,11/1/2025,Quetzals,0,30,Outlaws,FALSE,TRUE,FALSE,,AFI,div1,m_flag,
Saturday,11/1/2025,Outlaws,25,0,Rhinos,FALSE,FALSE,FALSE,,AFI,div1,m_flag,
Saturday,11/1/2025,Admirals,30,0,Quetzals,FALSE,TRUE,FALSE,,AFI,div1,m_flag,
Saturday,11/1/2025,Rhinos,13,21,Admirals,FALSE,FALSE,FALSE,,AFI,div1,m_flag,
Saturday,11/1/2025,Eagles,32,31,UCD,FALSE,FALSE,FALSE,,AFI,div1,m_flag,
Saturday,11/1/2025,Panthers 2nds,0,6,Rebels 2nds,FALSE,FALSE,FALSE,,AFI,div1,m_flag,
Saturday,11/1/2025,UCD,40,6,Rebels 2nds,FALSE,FALSE,FALSE,,AFI,div1,m_flag,
Saturday,11/1/2025,Panthers 2nds,12,26,Eagles,FALSE,FALSE,FALSE,,AFI,div1,m_flag,
Saturday,11/8/2025,Elks,34,25,Gators,FALSE,FALSE,TRUE,Wild Card,AFI,div1,m_flag,
Saturday,11/8/2025,Vikings,38,25,Wolves,FALSE,FALSE,TRUE,Wild Card,AFI,div1,m_flag,
Saturday,11/8/2025,Eagles,32,33,Elks,TRUE,FALSE,TRUE,Semifinal,AFI,div1,m_flag,
Saturday,11/8/2025,Mavericks,25,26,Vikings,FALSE,FALSE,TRUE,Semifinal,AFI,div1,m_flag,
Saturday,11/8/2025,Mavericks,41,34,Eagles,FALSE,FALSE,TRUE,3rd Place Game,AFI,div1,m_flag,
Saturday,11/8/2025,Elks,34,22,Vikings,FALSE,FALSE,TRUE,Glas Bowl VI,AFI,div1,m_flag,
Sunday,6/1/2025,UCD,14,12,Mavericks,FALSE,FALSE,FALSE,,AFI,prem,w_flag,
Sunday,6/1/2025,Red Bows,25,33,UCD,FALSE,FALSE,FALSE,,AFI,prem,w_flag,
Sunday,6/1/2025,Mavericks,12,40,Panthers,FALSE,FALSE,FALSE,,AFI,prem,w_flag,
Sunday,6/1/2025,Red Bows,39,6,Mavericks,FALSE,FALSE,FALSE,,AFI,prem,w_flag,
Sunday,6/1/2025,UCD,13,51,Panthers,FALSE,FALSE,FALSE,,AFI,prem,w_flag,
Saturday,6/7/2025,Knights,0,52,Panthers,FALSE,FALSE,FALSE,,AFI,prem,w_flag,
Saturday,6/7/2025,Dragons,6,18,Mavericks,FALSE,FALSE,FALSE,,AFI,prem,w_flag,
Saturday,6/7/2025,Red Bows,22,39,Trojans,FALSE,FALSE,FALSE,,AFI,prem,w_flag,
Saturday,6/7/2025,Panthers,45,18,Vipers,FALSE,FALSE,FALSE,,AFI,prem,w_flag,
Saturday,6/7/2025,UCD,0,19,Trojans,FALSE,FALSE,FALSE,,AFI,prem,w_flag,
Saturday,6/7/2025,Red Bows,33,6,Knights,FALSE,FALSE,FALSE,,AFI,prem,w_flag,
Saturday,6/7/2025,Red Bows,25,18,Vipers,FALSE,FALSE,FALSE,,AFI,prem,w_flag,
Saturday,6/7/2025,Knights,0,34,UCD,FALSE,FALSE,FALSE,,AFI,prem,w_flag,
Saturday,6/7/2025,Mavericks,27,18,Vipers,FALSE,FALSE,FALSE,,AFI,prem,w_flag,
Saturday,6/21/2025,Dragons,6,6,Knights,FALSE,FALSE,FALSE,,AFI,prem,w_flag,
Saturday,6/21/2025,Trojans,32,6,Dragons,FALSE,FALSE,FALSE,,AFI,prem,w_flag,
Saturday,6/21/2025,Knights,0,6,Trojans,FALSE,FALSE,FALSE,,AFI,prem,w_flag,
Saturday,6/21/2025,Vipers,12,7,Dragons,FALSE,FALSE,FALSE,,AFI,prem,w_flag,
Saturday,6/28/2025,Dragons,12,20,Red Bows,FALSE,FALSE,FALSE,,AFI,prem,w_flag,
Saturday,6/28/2025,Mavericks,6,13,Trojans,FALSE,FALSE,FALSE,,AFI,prem,w_flag,
Saturday,6/28/2025,Panthers,20,13,Trojans,FALSE,FALSE,FALSE,,AFI,prem,w_flag,
Saturday,6/28/2025,Knights,0,27,Vipers,FALSE,FALSE,FALSE,,AFI,prem,w_flag,
Saturday,6/28/2025,Panthers,38,13,Red Bows,FALSE,FALSE,FALSE,,AFI,prem,w_flag,
Saturday,6/28/2025,Dragons,19,14,UCD,FALSE,FALSE,FALSE,,AFI,prem,w_flag,
Saturday,6/28/2025,Vipers,13,28,Trojans,FALSE,FALSE,FALSE,,AFI,prem,w_flag,
Saturday,6/28/2025,Mavericks,32,0,Knights,FALSE,FALSE,FALSE,,AFI,prem,w_flag,
Saturday,6/28/2025,Vipers,6,12,UCD,FALSE,FALSE,FALSE,,AFI,prem,w_flag,
Saturday,6/28/2025,Panthers,32,0,Dragons,FALSE,FALSE,FALSE,,AFI,prem,w_flag,
Saturday,7/19/2025,UCD,18,13,Vipers,FALSE,FALSE,TRUE,Wild Card,AFI,prem,w_flag,
Saturday,7/19/2025,Red Bows,13,20,Mavericks,FALSE,FALSE,TRUE,Wild Card,AFI,prem,w_flag,
Saturday,7/19/2025,Panthers,33,6,Mavericks,FALSE,FALSE,TRUE,Semifinal,AFI,prem,w_flag,
Saturday,7/19/2025,Trojans,32,21,UCD,FALSE,FALSE,TRUE,Semifinal,AFI,prem,w_flag,
Saturday,7/19/2025,UCD,41,6,Mavericks,FALSE,FALSE,TRUE,3rd Place,AFI,prem,w_flag,
Saturday,7/19/2025,Panthers,7,2,Trojans,FALSE,FALSE,TRUE,Claddagh Bowl II,AFI,prem,w_flag,
Sunday,9/7/2025,Mavericks,0,13,Knights,FALSE,FALSE,FALSE,,AFI,prem,Youth,
Sunday,9/7/2025,Rebels,20,0,Rhinos+Panthers,FALSE,FALSE,FALSE,,AFI,prem,Youth,
Sunday,9/7/2025,Vipers,0,32,Admirals,FALSE,FALSE,FALSE,,AFI,prem,Youth,
Sunday,9/7/2025,Knights,6,13,Rebels,FALSE,FALSE,FALSE,,AFI,prem,Youth,
Sunday,9/7/2025,Rhinos+Panthers,0,6,Trojans,FALSE,FALSE,FALSE,,AFI,prem,Youth,
Sunday,9/7/2025,Cowboys,32,6,Admirals,FALSE,FALSE,FALSE,,AFI,prem,Youth,
Sunday,9/7/2025,Mavericks,18,22,Vipers,FALSE,FALSE,FALSE,,AFI,prem,Youth,
Sunday,9/7/2025,Trojans,0,6,Cowboys,FALSE,FALSE,FALSE,,AFI,prem,Youth,
Saturday,9/20/2025,Trojans,13,6,Rebels,FALSE,FALSE,FALSE,,AFI,prem,Youth,
Saturday,9/20/2025,Admirals,18,8,Knights,FALSE,FALSE,FALSE,,AFI,prem,Youth,
Saturday,9/20/2025,Rhinos+Panthers,14,6,Mavericks,FALSE,FALSE,FALSE,,AFI,prem,Youth,
Saturday,9/20/2025,Cowboys,48,0,Vipers,FALSE,FALSE,FALSE,,AFI,prem,Youth,
Saturday,9/20/2025,Mavericks,0,30,Trojans,FALSE,TRUE,FALSE,,AFI,prem,Youth,
Saturday,9/20/2025,Rebels,0,22,Cowboys,FALSE,FALSE,FALSE,,AFI,prem,Youth,
Saturday,9/20/2025,Vipers,0,34,Knights,FALSE,FALSE,FALSE,,AFI,prem,Youth,
Saturday,9/20/2025,Admirals,34,12,Rhinos+Panthers,FALSE,FALSE,FALSE,,AFI,prem,Youth,
Sunday,10/5/2025,Knights,7,0,Rhinos+Panthers,FALSE,FALSE,FALSE,,AFI,prem,Youth,
Sunday,10/5/2025,Trojans,13,12,Admirals,FALSE,FALSE,FALSE,,AFI,prem,Youth,
Sunday,10/5/2025,Knights,6,14,Cowboys,FALSE,FALSE,FALSE,,AFI,prem,Youth,
Sunday,10/5/2025,Rebels,30,0,Mavericks,FALSE,TRUE,FALSE,,AFI,prem,Youth,
Sunday,10/5/2025,Vipers,19,32,Trojans,FALSE,FALSE,FALSE,,AFI,prem,Youth,
Sunday,10/5/2025,Admirals,12,7,Rebels,FALSE,FALSE,FALSE,,AFI,prem,Youth,
Sunday,10/5/2025,Cowboys,30,0,Mavericks,FALSE,TRUE,FALSE,,AFI,prem,Youth,
Sunday,10/5/2025,Rhinos+Panthers,6,7,Vipers,FALSE,FALSE,FALSE,,AFI,prem,Youth,
Sunday,10/19/2025,Cowboys,14,0,Rebels,FALSE,FALSE,TRUE,Semifinal,AFI,prem,Youth,
Sunday,10/19/2025,Trojans,7,0,Admirals,FALSE,FALSE,TRUE,Semifinal,AFI,prem,Youth,
Sunday,10/19/2025,Cowboys,26,0,Trojans,FALSE,FALSE,TRUE,Setanta Bowl V,AFI,prem,Youth,
Sunday,10/19/2025,Mavericks,0,14,Rhinos+Panthers,FALSE,FALSE,TRUE,Consolation,AFI,prem,Youth,
Sunday,10/19/2025,Mavericks,2,18,Vipers,FALSE,FALSE,TRUE,Consolation,AFI,prem,Youth,
Sunday,10/19/2025,Vipers,0,46,Rhinos+Panthers,FALSE,FALSE,TRUE,Consolation,AFI,prem,Youth,
Sunday,10/19/2025,Admirals,12,6,Rebels,FALSE,FALSE,TRUE,3rd Place Game,AFI,prem,Youth,
Sunday,3/3/2024,UL Vikings,24,24,Admirals,FALSE,FALSE,FALSE,,AFI,prem,senior,
Sunday,3/3/2024,UCD,42,40,Rebels,FALSE,FALSE,FALSE,,AFI,prem,senior,
Sunday,3/10/2024,UL Vikings,0,38,Trojans,FALSE,FALSE,FALSE,,AFI,prem,senior,
Sunday,3/10/2024,Panthers,33,6,Minotaurs,FALSE,FALSE,FALSE,,AFI,prem,senior,
Sunday,3/24/2024,UCD,32,18,Admirals,FALSE,FALSE,FALSE,,AFI,prem,senior,
Sunday,3/24/2024,UL Vikings,0,45,Rebels,FALSE,FALSE,FALSE,,AFI,prem,senior,
Sunday,3/24/2024,Knights,20,33,Panthers,FALSE,FALSE,FALSE,,AFI,prem,senior,
Sunday,4/7/2024,Minotaurs,21,27,Knights,FALSE,FALSE,FALSE,,AFI,prem,senior,
Sunday,4/7/2024,Admirals,14,21,Trojans,FALSE,FALSE,FALSE,,AFI,prem,senior,
Sunday,4/14/2024,UCD,56,0,UL Vikings,FALSE,FALSE,FALSE,,AFI,prem,senior,
Sunday,4/14/2024,Rebels,46,0,Trojans,FALSE,FALSE,FALSE,,AFI,prem,senior,
Sunday,4/21/2024,Admirals,28,8,Minotaurs,FALSE,FALSE,FALSE,,AFI,prem,senior,
Sunday,4/21/2024,Knights,13,32,UCD,FALSE,FALSE,FALSE,,AFI,prem,senior,
Sunday,4/21/2024,Panthers,39,14,UL Vikings,FALSE,FALSE,FALSE,,AFI,prem,senior,
Saturday,5/4/2024,Trojans,6,7,Panthers,FALSE,FALSE,FALSE,,AFI,prem,senior,
Sunday,5/5/2024,Rebels,26,22,Knights,FALSE,FALSE,FALSE,,AFI,prem,senior,
Sunday,5/12/2024,Knights,24,24,Trojans,FALSE,FALSE,FALSE,,AFI,prem,senior,
Saturday,5/18/2024,Minotaurs,34,39,Panthers,FALSE,FALSE,FALSE,,AFI,prem,senior,
Saturday,5/25/2024,Rebels,22,8,Admirals,FALSE,FALSE,FALSE,,AFI,prem,senior,
Saturday,5/25/2024,Trojans,10,16,UCD,FALSE,FALSE,FALSE,,AFI,prem,senior,
Sunday,5/26/2024,Minotaurs,14,28,UL Vikings,FALSE,FALSE,FALSE,,AFI,prem,senior,
Sunday,6/2/2024,Admirals,44,0,Knights,FALSE,FALSE,FALSE,,AFI,prem,senior,
Sunday,6/2/2024,Panthers,12,36,Rebels,FALSE,FALSE,FALSE,,AFI,prem,senior,
Sunday,6/9/2024,UCD,60,0,Minotaurs,FALSE,FALSE,FALSE,,AFI,prem,senior,
Sunday,6/16/2024,Knights,9,0,UL Vikings,FALSE,FALSE,FALSE,,AFI,prem,senior,
Saturday,6/22/2024,Trojans,29,10,Minotaurs,FALSE,FALSE,FALSE,,AFI,prem,senior,
Saturday,6/22/2024,Rebels,18,16,UCD,FALSE,FALSE,FALSE,,AFI,prem,senior,
Sunday,6/23/2024,Admirals,30,34,Panthers,FALSE,FALSE,FALSE,,AFI,prem,senior,
Saturday,6/29/2024,Minotaurs,0,28,Rebels,FALSE,FALSE,FALSE,,AFI,prem,senior,
Saturday,6/29/2024,Trojans,27,21,Admirals,FALSE,FALSE,FALSE,,AFI,prem,senior,
Sunday,6/30/2024,Panthers,20,62,UCD,FALSE,FALSE,FALSE,,AFI,prem,senior,
Sunday,6/30/2024,UL Vikings,0,27,Knights,FALSE,FALSE,FALSE,,AFI,prem,senior,
Sunday,7/14/2024,Rebels,34,21,Panthers,FALSE,FALSE,TRUE,Semifinal,AFI,prem,senior,
Sunday,7/14/2024,UCD,44,0,Trojans,FALSE,FALSE,TRUE,Semifinal,AFI,prem,senior,
Sunday,7/21/2024,Knights,21,34,Admirals,FALSE,FALSE,TRUE,Shield Final,AFI,prem,senior,
Saturday,7/27/2024,Rebels,14,36,UCD,FALSE,FALSE,TRUE,Shamrock Bowl,AFI,prem,senior,
Sunday,3/3/2024,Razorbacks,44,0,Jets,FALSE,FALSE,FALSE,,AFI,div1,senior,
Sunday,3/3/2024,Eagles,19,34,Mavericks,FALSE,FALSE,FALSE,,AFI,div1,senior,
Sunday,3/10/2024,Vipers,0,44,Cowboys,FALSE,FALSE,FALSE,,AFI,div1,senior,
Saturday,3/23/2024,Giants,12,6,Vipers,FALSE,FALSE,FALSE,,AFI,div1,senior,
Saturday,3/23/2024,Crusaders,6,8,Rhinos,FALSE,FALSE,FALSE,,AFI,div1,senior,
Sunday,3/24/2024,Cowboys,15,15,Mavericks,FALSE,FALSE,FALSE,,AFI,div1,senior,
Sunday,3/24/2024,Eagles,28,14,Razorbacks,FALSE,FALSE,FALSE,,AFI,div1,senior,
Sunday,4/7/2024,Razorbacks,0,34,Crusaders,FALSE,FALSE,FALSE,,AFI,div1,senior,
Sunday,4/7/2024,Vipers,6,6,Giants,FALSE,FALSE,FALSE,,AFI,div1,senior,
Saturday,4/13/2024,Cowboys,37,0,Eagles,FALSE,FALSE,FALSE,,AFI,div1,senior,
Sunday,4/14/2024,Rhinos,0,20,Crusaders,FALSE,FALSE,FALSE,,AFI,div1,senior,
Sunday,4/14/2024,Mavericks,30,0,Jets,FALSE,FALSE,FALSE,,AFI,div1,senior,
Saturday,4/20/2024,Vipers,0,30,Razorbacks,FALSE,TRUE,FALSE,,AFI,div1,senior,
Sunday,4/21/2024,Jets,24,64,Giants,FALSE,FALSE,FALSE,,AFI,div1,senior,
Sunday,4/21/2024,Rhinos,3,46,Cowboys,FALSE,FALSE,FALSE,,AFI,div1,senior,
Saturday,5/4/2024,Mavericks,28,32,Cowboys,FALSE,FALSE,FALSE,,AFI,div1,senior,
Sunday,5/5/2024,Jets,26,48,Vipers,FALSE,FALSE,FALSE,,AFI,div1,senior,
Sunday,5/5/2024,Crusaders,28,29,Eagles,FALSE,FALSE,FALSE,,AFI,div1,senior,
Sunday,5/12/2024,Giants,0,7,Rhinos,FALSE,FALSE,FALSE,,AFI,div1,senior,
Sunday,5/19/2024,Cowboys,20,12,Crusaders,FALSE,FALSE,FALSE,,AFI,div1,senior,
Sunday,5/19/2024,Eagles,42,0,Jets,FALSE,FALSE,FALSE,,AFI,div1,senior,
Sunday,5/19/2024,Mavericks,30,0,Vipers,FALSE,FALSE,FALSE,,AFI,div1,senior,
Sunday,5/19/2024,Razorbacks,0,18,Giants,FALSE,FALSE,FALSE,,AFI,div1,senior,
Sunday,5/26/2024,Crusaders,14,21,Mavericks,FALSE,FALSE,FALSE,,AFI,div1,senior,
Sunday,5/26/2024,Jets,6,53,Rhinos,FALSE,FALSE,FALSE,,AFI,div1,senior,
Sunday,6/2/2024,Rhinos,41,0,Razorbacks,FALSE,FALSE,FALSE,,AFI,div1,senior,
Sunday,6/9/2024,Vipers,12,43,Eagles,FALSE,FALSE,FALSE,,AFI,div1,senior,
Sunday,6/9/2024,Razorbacks,0,52,Mavericks,FALSE,FALSE,FALSE,,AFI,div1,senior,
Sunday,6/9/2024,Giants,34,0,Jets,FALSE,FALSE,FALSE,,AFI,div1,senior,
Sunday,6/16/2024,Giants,0,42,Crusaders,FALSE,FALSE,FALSE,,AFI,div1,senior,
Sunday,6/16/2024,Rhinos,26,14,Eagles,FALSE,FALSE,FALSE,,AFI,div1,senior,
Sunday,6/23/2024,Cowboys,49,0,Razorbacks,FALSE,FALSE,FALSE,,AFI,div1,senior,
Saturday,6/29/2024,Mavericks,30,0,Rhinos,FALSE,FALSE,FALSE,,AFI,div1,senior,
Sunday,6/30/2024,Crusaders,30,0,Vipers,FALSE,TRUE,FALSE,,AFI,div1,senior,
Sunday,6/30/2024,Eagles,20,0,Giants,FALSE,FALSE,FALSE,,AFI,div1,senior,
Sunday,6/30/2024,Jets,6,61,Cowboys,FALSE,FALSE,FALSE,,AFI,div1,senior,
Saturday,7/13/2024,Cowboys,45,6,Eagles,FALSE,FALSE,TRUE,Semifinal,AFI,div1,senior,
Saturday,7/13/2024,Mavericks,14,16,Rhinos,FALSE,FALSE,TRUE,Semifinal,AFI,div1,senior,
Sunday,7/21/2024,Giants,12,8,Crusaders,FALSE,FALSE,TRUE,Plate Final,AFI,div1,senior,
Saturday,7/27/2024,Cowboys,35,0,Rhinos,FALSE,FALSE,TRUE,Harp Bowl I,AFI,div1,senior,
Saturday,9/7/2024,Rebels,40,6,Eagles,FALSE,FALSE,FALSE,,AFI,prem,m_flag,
Saturday,9/7/2024,Panthers,32,25,Labs,FALSE,FALSE,FALSE,,AFI,prem,m_flag,
Saturday,9/7/2024,Hurricanes,18,24,Eagles,FALSE,FALSE,FALSE,,AFI,prem,m_flag,
Saturday,9/7/2024,Rebels,32,6,Raptors,FALSE,FALSE,FALSE,,AFI,prem,m_flag,
Saturday,9/7/2024,Raptors,14,34,Labs,FALSE,FALSE,FALSE,,AFI,prem,m_flag,
Saturday,9/7/2024,Panthers,21,18,Hurricanes,FALSE,FALSE,FALSE,,AFI,prem,m_flag,
Saturday,9/7/2024,Trojans,32,20,Dragons,FALSE,FALSE,FALSE,,AFI,prem,m_flag,
Saturday,9/7/2024,Vipers,31,45,Lions,FALSE,FALSE,FALSE,,AFI,prem,m_flag,
Saturday,9/7/2024,Lions,26,12,Cowboys,FALSE,FALSE,FALSE,,AFI,prem,m_flag,
Saturday,9/7/2024,Trojans,23,25,Knights,FALSE,FALSE,FALSE,,AFI,prem,m_flag,
Saturday,9/7/2024,Vipers,7,46,Dragons,FALSE,FALSE,FALSE,,AFI,prem,m_flag,
Saturday,9/7/2024,Knights,24,36,Cowboys,FALSE,FALSE,FALSE,,AFI,prem,m_flag,
Saturday,9/14/2024,Panthers,21,20,Eagles,FALSE,FALSE,FALSE,,AFI,prem,m_flag,
Saturday,9/14/2024,Raptors,27,24,Eagles,FALSE,FALSE,FALSE,,AFI,prem,m_flag,
Saturday,9/14/2024,Raptors,19,33,Panthers,FALSE,FALSE,FALSE,,AFI,prem,m_flag,
Saturday,9/14/2024,Vipers,6,27,Cowboys,FALSE,FALSE,FALSE,,AFI,prem,m_flag,
Saturday,9/14/2024,Trojans,20,13,Cowboys,FALSE,FALSE,FALSE,,AFI,prem,m_flag,
Saturday,9/14/2024,Vipers,12,25,Trojans,FALSE,FALSE,FALSE,,AFI,prem,m_flag,
Saturday,9/21/2024,Rebels,40,19,Labs,FALSE,FALSE,FALSE,,AFI,prem,m_flag,
Saturday,9/21/2024,Labs,25,27,Hurricanes,FALSE,FALSE,FALSE,,AFI,prem,m_flag,
Saturday,9/21/2024,Rebels,6,31,Hurricanes,FALSE,FALSE,FALSE,,AFI,prem,m_flag,
Saturday,9/21/2024,Knights,39,43,Dragons,FALSE,FALSE,FALSE,,AFI,prem,m_flag,
Saturday,9/21/2024,Lions,42,33,Knights,FALSE,FALSE,FALSE,,AFI,prem,m_flag,
Saturday,9/21/2024,Lions,31,13,Dragons,FALSE,FALSE,FALSE,,AFI,prem,m_flag,
Saturday,10/5/2024,Hurricanes,51,12,Raptors,FALSE,FALSE,FALSE,,AFI,prem,m_flag,
Saturday,10/5/2024,Eagles,42,46,Labs,FALSE,FALSE,FALSE,,AFI,prem,m_flag,
Saturday,10/5/2024,Eagles,14,25,Hurricanes,FALSE,FALSE,FALSE,,AFI,prem,m_flag,
Saturday,10/5/2024,Panthers,35,6,Rebels,FALSE,FALSE,FALSE,,AFI,prem,m_flag,
Saturday,10/5/2024,Labs,27,29,Panthers,FALSE,FALSE,FALSE,,AFI,prem,m_flag,
Saturday,10/5/2024,Raptors,28,32,Rebels,FALSE,FALSE,FALSE,,AFI,prem,m_flag,
Saturday,10/5/2024,Lions,20,19,Trojans,FALSE,FALSE,FALSE,,AFI,prem,m_flag,
Saturday,10/5/2024,Knights,29,22,Vipers,FALSE,FALSE,FALSE,,AFI,prem,m_flag,
Saturday,10/5/2024,Cowboys,34,33,Knights,FALSE,FALSE,FALSE,,AFI,prem,m_flag,
Saturday,10/5/2024,Dragons,21,25,Trojans,FALSE,FALSE,FALSE,,AFI,prem,m_flag,
Saturday,10/5/2024,Lions,21,13,Vipers,FALSE,FALSE,FALSE,,AFI,prem,m_flag,
Saturday,10/5/2024,Cowboys,19,27,Dragons,FALSE,FALSE,FALSE,,AFI,prem,m_flag,
Saturday,10/12/2024,Panthers,26,19,Raptors,FALSE,FALSE,FALSE,,AFI,prem,m_flag,
Saturday,10/12/2024,Eagles,36,42,Panthers,FALSE,FALSE,FALSE,,AFI,prem,m_flag,
Saturday,10/12/2024,Eagles,12,27,Raptors,FALSE,FALSE,FALSE,,AFI,prem,m_flag,
Saturday,10/12/2024,Cowboys,39,6,Vipers,FALSE,FALSE,FALSE,,AFI,prem,m_flag,
Saturday,10/12/2024,Trojans,47,12,Vipers,FALSE,FALSE,FALSE,,AFI,prem,m_flag,
Saturday,10/12/2024,Cowboys,20,32,Trojans,FALSE,FALSE,FALSE,,AFI,prem,m_flag,
Saturday,10/19/2024,Hurricanes,34,6,Rebels,FALSE,FALSE,FALSE,,AFI,prem,m_flag,
Saturday,10/19/2024,Hurricanes,12,26,Labs,FALSE,FALSE,FALSE,,AFI,prem,m_flag,
Saturday,10/19/2024,Labs,28,12,Rebels,FALSE,FALSE,FALSE,,AFI,prem,m_flag,
Saturday,10/19/2024,Dragons,14,18,Lions,FALSE,FALSE,FALSE,,AFI,prem,m_flag,
Saturday,10/19/2024,Knights,28,28,Lions,FALSE,FALSE,FALSE,,AFI,prem,m_flag,
Saturday,10/19/2024,Dragons,48,32,Knights,FALSE,FALSE,FALSE,,AFI,prem,m_flag,
Saturday,10/26/2024,Labs,18,26,Raptors,FALSE,FALSE,FALSE,,AFI,prem,m_flag,
Saturday,10/26/2024,Rebels,27,20,Eagles,FALSE,FALSE,FALSE,,AFI,prem,m_flag,
Saturday,10/26/2024,Knights,6,35,Trojans,FALSE,FALSE,FALSE,,AFI,prem,m_flag,
Saturday,10/26/2024,Dragons,27,12,Vipers,FALSE,FALSE,FALSE,,AFI,prem,m_flag,
Saturday,10/26/2024,Rebels,0,34,Panthers,FALSE,FALSE,FALSE,,AFI,prem,m_flag,
Saturday,10/26/2024,Hurricanes,26,0,Raptors,FALSE,FALSE,FALSE,,AFI,prem,m_flag,
Saturday,10/26/2024,Dragons,26,12,Cowboys,FALSE,FALSE,FALSE,,AFI,prem,m_flag,
Saturday,10/26/2024,Lions,15,19,Trojans,FALSE,FALSE,FALSE,,AFI,prem,m_flag,
Saturday,10/26/2024,Labs,26,50,Eagles,FALSE,FALSE,FALSE,,AFI,prem,m_flag,
Saturday,10/26/2024,Hurricanes,13,34,Panthers,FALSE,FALSE,FALSE,,AFI,prem,m_flag,
Saturday,10/26/2024,Knights,6,33,Vipers,FALSE,FALSE,FALSE,,AFI,prem,m_flag,
Saturday,10/26/2024,Lions,26,48,Cowboys,FALSE,FALSE,FALSE,,AFI,prem,m_flag,
Saturday,11/2/2024,Lions,21,14,Rebels,FALSE,FALSE,TRUE,Wild Card,AFI,prem,m_flag,
Saturday,11/2/2024,Hurricanes,26,24,Dragons,FALSE,FALSE,TRUE,Wild Card,AFI,prem,m_flag,
Saturday,11/2/2024,Panthers,32,12,Hurricanes,FALSE,FALSE,TRUE,Semifinal,AFI,prem,m_flag,
Saturday,11/2/2024,Trojans,46,26,Lions,FALSE,FALSE,TRUE,Semifinal,AFI,prem,m_flag,
Saturday,11/2/2024,Panthers,45,30,Trojans,FALSE,FALSE,TRUE,Emerald Bowl X,AFI,prem,m_flag,
Saturday,9/7/2024,Vikings,39,26,Outlaws,FALSE,FALSE,FALSE,,AFI,div1,m_flag,
Saturday,9/7/2024,Outlaws,22,26,Admirals,FALSE,FALSE,FALSE,,AFI,div1,m_flag,
Saturday,9/7/2024,Vikings,24,30,Admirals,FALSE,FALSE,FALSE,,AFI,div1,m_flag,
Saturday,9/7/2024,Wildcats,30,0,Crusaders,FALSE,FALSE,FALSE,,AFI,div1,m_flag,
Saturday,9/7/2024,Rebels 2nds,30,0,Crusaders,FALSE,FALSE,FALSE,,AFI,div1,m_flag,
Saturday,9/7/2024,Wolves,16,24,UCD,FALSE,FALSE,FALSE,,AFI,div1,m_flag,
Saturday,9/7/2024,Rebels 2nds,0,33,Minotaurs,FALSE,FALSE,FALSE,,AFI,div1,m_flag,
Saturday,9/7/2024,Wildcats,42,12,UCD,FALSE,FALSE,FALSE,,AFI,div1,m_flag,
Saturday,9/7/2024,Panthers 2nds,28,33,Minotaurs,FALSE,FALSE,FALSE,,AFI,div1,m_flag,
Saturday,9/7/2024,Wolves,28,32,Panthers 2nds,FALSE,FALSE,FALSE,,AFI,div1,m_flag,
Saturday,9/7/2024,Razorbacks,25,20,Giants,FALSE,FALSE,FALSE,,AFI,div1,m_flag,
Saturday,9/7/2024,Razorbacks,18,20,Mavericks,FALSE,FALSE,FALSE,,AFI,div1,m_flag,
Saturday,9/7/2024,Mavericks,42,46,Giants,FALSE,FALSE,FALSE,,AFI,div1,m_flag,
Saturday,9/14/2024,Outlaws,43,25,Vikings,FALSE,FALSE,FALSE,,AFI,div1,m_flag,
Saturday,9/14/2024,Admirals,15,12,Vikings,FALSE,FALSE,FALSE,,AFI,div1,m_flag,
Saturday,9/14/2024,Admirals,6,33,Outlaws,FALSE,FALSE,FALSE,,AFI,div1,m_flag,
Saturday,9/14/2024,Panthers 2nds,14,38,UCD,FALSE,FALSE,FALSE,,AFI,div1,m_flag,
Saturday,9/14/2024,Rebels 2nds,7,51,Wildcats,FALSE,FALSE,FALSE,,AFI,div1,m_flag,
Saturday,9/14/2024,Minotaurs,27,7,UCD,FALSE,FALSE,FALSE,,AFI,div1,m_flag,
Saturday,9/14/2024,Rebels 2nds,31,20,Wolves,FALSE,FALSE,FALSE,,AFI,div1,m_flag,
Saturday,9/14/2024,Wildcats,48,8,Wolves,FALSE,FALSE,FALSE,,AFI,div1,m_flag,
Saturday,9/14/2024,Panthers 2nds,30,0,Crusaders,FALSE,FALSE,FALSE,,AFI,div1,m_flag,
Saturday,9/14/2024,Minotaurs,30,0,Crusaders,FALSE,FALSE,FALSE,,AFI,div1,m_flag,
Saturday,9/14/2024,Giants,54,7,Razorbacks,FALSE,FALSE,FALSE,,AFI,div1,m_flag,
Saturday,9/14/2024,Mavericks,25,18,Razorbacks,FALSE,FALSE,FALSE,,AFI,div1,m_flag,
Saturday,9/14/2024,Giants,12,27,Mavericks,FALSE,FALSE,FALSE,,AFI,div1,m_flag,
Saturday,9/21/2024,Outlaws,19,26,Admirals,FALSE,FALSE,FALSE,,AFI,div1,m_flag,
Saturday,9/21/2024,Vikings,39,12,Admirals,FALSE,FALSE,FALSE,,AFI,div1,m_flag,
Saturday,9/21/2024,Vikings,14,27,Outlaws,FALSE,FALSE,FALSE,,AFI,div1,m_flag,
Saturday,9/21/2024,Rebels 2nds,6,38,Panthers 2nds,FALSE,FALSE,FALSE,,AFI,div1,m_flag,
Saturday,9/21/2024,Wolves,14,47,Minotaurs,FALSE,FALSE,FALSE,,AFI,div1,m_flag,
Saturday,9/21/2024,Wildcats,46,12,Minotaurs,FALSE,FALSE,FALSE,,AFI,div1,m_flag,
Saturday,9/21/2024,Wildcats,66,6,Panthers 2nds,FALSE,FALSE,FALSE,,AFI,div1,m_flag,
Saturday,9/21/2024,UCD,46,14,Rebels 2nds,FALSE,FALSE,FALSE,,AFI,div1,m_flag,
Saturday,9/21/2024,UCD,30,0,Crusaders,FALSE,FALSE,FALSE,,AFI,div1,m_flag,
Saturday,9/21/2024,Wolves,30,0,Crusaders,FALSE,FALSE,FALSE,,AFI,div1,m_flag,
Saturday,9/21/2024,Razorbacks,21,34,Giants,FALSE,FALSE,FALSE,,AFI,div1,m_flag,
Saturday,9/21/2024,Razorbacks,13,27,Mavericks,FALSE,FALSE,FALSE,,AFI,div1,m_flag,
Saturday,9/21/2024,Mavericks,34,36,Giants,FALSE,FALSE,FALSE,,AFI,div1,m_flag,
Saturday,10/5/2024,UCD,13,18,Giants,FALSE,FALSE,FALSE,,AFI,div1,m_flag,
Saturday,10/5/2024,Minotaurs,28,18,Razorbacks,FALSE,FALSE,FALSE,,AFI,div1,m_flag,
Saturday,10/5/2024,Panthers 2nds,0,30,Razorbacks,FALSE,FALSE,FALSE,,AFI,div1,m_flag,
Saturday,10/5/2024,UCD,18,28,Mavericks,FALSE,FALSE,FALSE,,AFI,div1,m_flag,
Saturday,10/5/2024,Panthers 2nds,0,30,Mavericks,FALSE,FALSE,FALSE,,AFI,div1,m_flag,
Saturday,10/5/2024,Minotaurs,32,18,Giants,FALSE,FALSE,FALSE,,AFI,div1,m_flag,
Saturday,10/12/2024,Vikings,30,0,Rebels 2nds,FALSE,FALSE,FALSE,,AFI,div1,m_flag,
Saturday,10/12/2024,Admirals,35,42,Wildcats,FALSE,FALSE,FALSE,,AFI,div1,m_flag,
Saturday,10/12/2024,Rebels 2nds,0,30,Admirals,FALSE,FALSE,FALSE,,AFI,div1,m_flag,
Saturday,10/12/2024,Outlaws,20,12,Wolves,FALSE,FALSE,FALSE,,AFI,div1,m_flag,
Saturday,10/12/2024,Wildcats,13,18,Vikings,FALSE,FALSE,FALSE,,AFI,div1,m_flag,
Saturday,10/19/2024,Mavericks,39,46,Wildcats,FALSE,FALSE,FALSE,,AFI,div1,m_flag,
Saturday,10/19/2024,Razorbacks,20,26,Rebels 2nds,FALSE,FALSE,FALSE,,AFI,div1,m_flag,
Saturday,10/19/2024,Rebels 2nds,13,53,Mavericks,FALSE,FALSE,FALSE,,AFI,div1,m_flag,
Saturday,10/19/2024,Giants,30,0,Wolves,FALSE,FALSE,FALSE,,AFI,div1,m_flag,
Saturday,10/19/2024,Wildcats,44,12,Razorbacks,FALSE,FALSE,FALSE,,AFI,div1,m_flag,
Saturday,10/26/2024,Panthers 2nds,20,19,Admirals,FALSE,FALSE,FALSE,,AFI,div1,m_flag,
Saturday,10/26/2024,Vikings,33,26,Minotaurs,FALSE,FALSE,FALSE,,AFI,div1,m_flag,
Saturday,10/26/2024,Outlaws,18,34,Panthers 2nds,FALSE,FALSE,FALSE,,AFI,div1,m_flag,
Saturday,10/26/2024,UCD,19,25,Vikings,FALSE,FALSE,FALSE,,AFI,div1,m_flag,
Saturday,10/26/2024,Admirals,26,32,UCD,FALSE,FALSE,FALSE,,AFI,div1,m_flag,
Saturday,10/26/2024,Minotaurs,31,19,Outlaws,FALSE,FALSE,FALSE,,AFI,div1,m_flag,
Saturday,10/26/2024,Wolves,30,30,Crusaders,FALSE,FALSE,FALSE,,AFI,div1,m_flag,
Saturday,10/26/2024,Crusaders,0,30,Giants,FALSE,FALSE,FALSE,,AFI,div1,m_flag,
Saturday,10/26/2024,Wolves,30,0,Crusaders,FALSE,FALSE,FALSE,,AFI,div1,m_flag,
Saturday,10/26/2024,Outlaws,30,0,Crusaders,FALSE,FALSE,FALSE,,AFI,div1,m_flag,
Saturday,11/2/2024,Vikings,19,21,Admirals,FALSE,FALSE,TRUE,Wild Card,AFI,div1,m_flag,
Saturday,11/2/2024,Minotaurs,48,28,Mavericks,FALSE,FALSE,TRUE,Wild Card,AFI,div1,m_flag,
Saturday,11/2/2024,Wildcats,48,12,Admirals,FALSE,FALSE,TRUE,Semifinal,AFI,div1,m_flag,
Saturday,11/2/2024,Giants,6,53,Minotaurs,FALSE,FALSE,TRUE,Semifinal,AFI,div1,m_flag,
Saturday,11/2/2024,Wildcats,7,19,Minotaurs,FALSE,FALSE,TRUE,Glas Bowl V,AFI,div1,m_flag,
Sunday,9/15/2024,Knights,65,2,Panthers,FALSE,FALSE,FALSE,,AFI,prem,Youth,
Sunday,9/15/2024,Cowtaurs,19,0,Trojans,FALSE,FALSE,FALSE,,AFI,prem,Youth,
Sunday,9/15/2024,Rebels,6,14,Vipers,FALSE,FALSE,FALSE,,AFI,prem,Youth,
Sunday,9/15/2024,Panthers,0,32,Cowtaurs,FALSE,FALSE,FALSE,,AFI,prem,Youth,
Sunday,9/15/2024,Admirals,22,21,Rebels,FALSE,FALSE,FALSE,,AFI,prem,Youth,
Sunday,9/15/2024,Vipers,0,24,Knights,FALSE,FALSE,FALSE,,AFI,prem,Youth,
Sunday,9/15/2024,Trojans,26,8,Admirals,FALSE,FALSE,FALSE,,AFI,prem,Youth,
Sunday,9/29/2024,Cowtaurs,0,18,Knights,FALSE,FALSE,FALSE,,AFI,prem,Youth,
Sunday,9/29/2024,Rebels,28,7,Trojans,FALSE,FALSE,FALSE,,AFI,prem,Youth,
Sunday,9/29/2024,Panthers,8,19,Vipers,FALSE,FALSE,FALSE,,AFI,prem,Youth,
Sunday,9/29/2024,Admirals,0,15,Cowtaurs,FALSE,FALSE,FALSE,,AFI,prem,Youth,
Sunday,9/29/2024,Knights,6,6,Rebels,FALSE,FALSE,FALSE,,AFI,prem,Youth,
Sunday,9/29/2024,Trojans,27,0,Panthers,FALSE,FALSE,FALSE,,AFI,prem,Youth,
Sunday,9/29/2024,Vipers,30,0,Admirals,FALSE,FALSE,FALSE,,AFI,prem,Youth,
Sunday,10/13/2024,Trojans,2,30,Knights,FALSE,FALSE,FALSE,,AFI,prem,Youth,
Sunday,10/13/2024,Rebels,14,25,Cowtaurs,FALSE,FALSE,FALSE,,AFI,prem,Youth,
Sunday,10/13/2024,Cowtaurs,18,14,Vipers,FALSE,FALSE,FALSE,,AFI,prem,Youth,
Sunday,10/13/2024,Admirals,7,19,Panthers,FALSE,FALSE,FALSE,,AFI,prem,Youth,
Sunday,10/13/2024,Panthers,6,34,Rebels,FALSE,FALSE,FALSE,,AFI,prem,Youth,
Sunday,10/13/2024,Vipers,8,8,Trojans,FALSE,FALSE,FALSE,,AFI,prem,Youth,
Sunday,10/13/2024,Knights,40,0,Admirals,FALSE,FALSE,FALSE,,AFI,prem,Youth,
Sunday,10/27/2024,Knights,26,0,Rebels,FALSE,FALSE,TRUE,Semifinal,AFI,prem,Youth,
Sunday,10/27/2024,Cowtaurs,6,19,Vipers,FALSE,FALSE,TRUE,Semifinal,AFI,prem,Youth,
Sunday,10/27/2024,Knights,28,0,Vipers,FALSE,FALSE,TRUE,Final,AFI,prem,Youth,
Saturday,4/20/2024,Panthers,33,0,Trojans,FALSE,FALSE,FALSE,,AFI,prem,w_flag,
Saturday,4/20/2024,Phoenix,6,8,Trojans,FALSE,FALSE,FALSE,,AFI,prem,w_flag,
Saturday,4/20/2024,Rebels,6,38,Phoenix,FALSE,FALSE,FALSE,,AFI,prem,w_flag,
Saturday,4/20/2024,Panthers,46,0,Rebels,FALSE,FALSE,FALSE,,AFI,prem,w_flag,
Saturday,6/1/2024,Trojans,31,0,Rebels,FALSE,FALSE,FALSE,,AFI,prem,w_flag,
Saturday,6/1/2024,Phoenix,0,46,Panthers,FALSE,FALSE,FALSE,,AFI,prem,w_flag,
Saturday,6/1/2024,Trojans,20,6,Phoenix,FALSE,FALSE,FALSE,,AFI,prem,w_flag,
Saturday,6/1/2024,Panthers,39,0,Rebels,FALSE,FALSE,FALSE,,AFI,prem,w_flag,
Saturday,6/8/2024,Trojans,12,24,Panthers,FALSE,FALSE,FALSE,,AFI,prem,w_flag,
Saturday,6/8/2024,Quetzals,12,24,Phoenix,FALSE,FALSE,FALSE,,AFI,prem,w_flag,
Saturday,6/8/2024,Panthers,19,12,Phoenix,FALSE,FALSE,FALSE,,AFI,prem,w_flag,
Saturday,6/8/2024,Trojans,12,0,Quetzals,FALSE,FALSE,FALSE,,AFI,prem,w_flag,
Saturday,6/15/2024,Phoenix,12,0,Tabbies,FALSE,FALSE,TRUE,Wild Card,AFI,prem,w_flag,
Saturday,6/15/2024,Rebels,W,L,Quetzals,FALSE,FALSE,TRUE,Wild Card,AFI,prem,w_flag,Score unknown
Saturday,6/15/2024,Panthers,39,6,Rebels,FALSE,FALSE,TRUE,Semifinal,AFI,prem,w_flag,
Saturday,6/15/2024,Trojans,27,0,Phoenix,FALSE,FALSE,TRUE,Semifinal,AFI,prem,w_flag,
Saturday,6/15/2024,Panthers,27,12,Trojans,FALSE,FALSE,TRUE,Claddagh Bowl I,AFI,prem,w_flag,
Sunday,3/5/2023,UCD,26,40,Rebels,FALSE,FALSE,FALSE,,AFI,prem,senior,
Sunday,3/19/2023,UCD,34,3,Trojans,FALSE,FALSE,FALSE,,AFI,prem,senior,
Sunday,3/19/2023,Panthers,14,30,Admirals,FALSE,FALSE,FALSE,,AFI,prem,senior,
Sunday,3/26/2023,Cowboys,0,38,Minotaurs,FALSE,FALSE,FALSE,,AFI,prem,senior,
Sunday,3/26/2023,Knights,20,36,Rebels,FALSE,FALSE,FALSE,,AFI,prem,senior,
Sunday,4/2/2023,Admirals,18,14,UCD,FALSE,FALSE,FALSE,,AFI,prem,senior,
Sunday,4/2/2023,Cowboys,0,7,Trojans,FALSE,FALSE,FALSE,,AFI,prem,senior,
Sunday,4/16/2023,Knights,6,37,Trojans,FALSE,FALSE,FALSE,,AFI,prem,senior,
Sunday,4/16/2023,Rebels,64,6,Cowboys,FALSE,FALSE,FALSE,,AFI,prem,senior,
Sunday,4/16/2023,Panthers,20,9,Minotaurs,FALSE,FALSE,FALSE,,AFI,prem,senior,
Sunday,4/23/2023,Minotaurs,13,28,UCD,FALSE,FALSE,FALSE,,AFI,prem,senior,
Sunday,4/23/2023,Rebels,61,6,Panthers,FALSE,FALSE,FALSE,,AFI,prem,senior,
Sunday,4/23/2023,Knights,12,22,Admirals,FALSE,FALSE,FALSE,,AFI,prem,senior,
Sunday,4/30/2023,Cowboys,0,46,UCD,FALSE,FALSE,FALSE,,AFI,prem,senior,
Sunday,5/7/2023,Knights,28,8,Minotaurs,FALSE,FALSE,FALSE,,AFI,prem,senior,
Sunday,5/7/2023,Admirals,28,6,Cowboys,FALSE,FALSE,FALSE,,AFI,prem,senior,
Saturday,5/13/2023,Trojans,14,18,Admirals,FALSE,FALSE,FALSE,,AFI,prem,senior,
Sunday,5/14/2023,Panthers,28,14,Knights,FALSE,FALSE,FALSE,,AFI,prem,senior,
Sunday,5/21/2023,Minotaurs,32,62,Trojans,FALSE,FALSE,FALSE,,AFI,prem,senior,
Sunday,5/21/2023,Panthers,33,0,Cowboys,FALSE,FALSE,FALSE,,AFI,prem,senior,
Saturday,5/27/2023,Rebels,25,24,UCD,FALSE,FALSE,FALSE,,AFI,prem,senior,
Sunday,5/28/2023,Minotaurs,27,0,Knights,FALSE,FALSE,FALSE,,AFI,prem,senior,
Sunday,5/28/2023,Trojans,26,0,Cowboys,FALSE,FALSE,FALSE,,AFI,prem,senior,
Sunday,6/4/2023,UCD,38,0,Panthers,FALSE,FALSE,FALSE,,AFI,prem,senior,
Sunday,6/4/2023,Admirals,0,46,Rebels,FALSE,FALSE,FALSE,,AFI,prem,senior,
Sunday,6/11/2023,Minotaurs,12,14,Admirals,FALSE,FALSE,FALSE,,AFI,prem,senior,
Sunday,6/11/2023,Cowboys,6,43,Knights,FALSE,FALSE,FALSE,,AFI,prem,senior,
Sunday,6/18/2023,Rebels,58,0,Minotaurs,FALSE,FALSE,FALSE,,AFI,prem,senior,
Sunday,6/18/2023,Trojans,16,22,Panthers,FALSE,TRUE,FALSE,,AFI,prem,senior,
Sunday,6/18/2023,UCD,50,0,Knights,FALSE,FALSE,FALSE,,AFI,prem,senior,
Saturday,6/24/2023,Admirals,42,0,Panthers,FALSE,FALSE,FALSE,,AFI,prem,senior,
Saturday,6/24/2023,Trojans,0,60,Rebels,FALSE,FALSE,FALSE,,AFI,prem,senior,
Sunday,7/2/2023,Rebels,56,13,Trojans,FALSE,FALSE,TRUE,Semifinal,AFI,prem,senior,
Sunday,7/2/2023,Admirals,14,58,UCD,FALSE,FALSE,TRUE,Semifinal,AFI,prem,senior,
Sunday,7/16/2023,Rebels,40,34,UCD,FALSE,FALSE,TRUE,Shamrock Bowl 35,AFI,prem,senior,
Sunday,3/5/2023,Crusaders,42,14,Vipers,FALSE,FALSE,FALSE,,AFI,div1,senior,
Sunday,3/5/2023,Razorbacks,22,6,Jets,FALSE,FALSE,FALSE,,AFI,div1,senior,
Sunday,3/5/2023,UL Vikings,17,14,Rhinos,FALSE,FALSE,FALSE,,AFI,div1,senior,
Sunday,3/12/2023,Razorbacks,0,33,Mavericks,FALSE,FALSE,FALSE,,AFI,div1,senior,
Sunday,3/19/2023,Jets,0,12,Vipers,FALSE,FALSE,FALSE,,AFI,div1,senior,
Sunday,3/19/2023,UL Vikings,23,6,Crusaders,FALSE,FALSE,FALSE,,AFI,div1,senior,
Sunday,4/2/2023,Jets,0,56,Mavericks,FALSE,FALSE,FALSE,,AFI,div1,senior,
Sunday,4/2/2023,Vipers,8,37,UL Vikings,FALSE,FALSE,FALSE,,AFI,div1,senior,
Sunday,4/2/2023,Razorbacks,0,24,Rhinos,FALSE,FALSE,FALSE,,AFI,div1,senior,
Saturday,4/15/2023,UL Vikings,53,13,Razorbacks,FALSE,FALSE,FALSE,,AFI,div1,senior,
Sunday,4/16/2023,Rhinos,58,0,Jets,FALSE,FALSE,FALSE,,AFI,div1,senior,
Sunday,4/16/2023,Mavericks,53,7,Vipers,FALSE,FALSE,FALSE,,AFI,div1,senior,
Sunday,4/23/2023,Jets,6,48,Crusaders,FALSE,FALSE,FALSE,,AFI,div1,senior,
Sunday,4/30/2023,Razorbacks,23,0,Vipers,FALSE,FALSE,FALSE,,AFI,div1,senior,
Sunday,4/30/2023,Mavericks,34,0,Crusaders,FALSE,FALSE,FALSE,,AFI,div1,senior,
Sunday,4/30/2023,Rhinos,3,14,UL Vikings,FALSE,FALSE,FALSE,,AFI,div1,senior,
Saturday,5/13/2023,Vipers,0,49,Mavericks,FALSE,FALSE,FALSE,,AFI,div1,senior,
Saturday,5/13/2023,Rhinos,17,20,Crusaders,FALSE,FALSE,FALSE,,AFI,div1,senior,
Sunday,5/14/2023,Jets,0,35,Razorbacks,FALSE,FALSE,FALSE,,AFI,div1,senior,
Sunday,5/21/2023,Rhinos,13,15,Mavericks,FALSE,FALSE,FALSE,,AFI,div1,senior,
Friday,5/26/2023,UL Vikings,30,0,Jets,FALSE,TRUE,FALSE,,AFI,div1,senior,
Sunday,5/28/2023,Crusaders,14,12,Razorbacks,FALSE,FALSE,FALSE,,AFI,div1,senior,
Sunday,6/4/2023,Mavericks,6,12,UL Vikings,FALSE,FALSE,FALSE,,AFI,div1,senior,
Sunday,6/4/2023,Vipers,39,0,Jets,FALSE,FALSE,FALSE,,AFI,div1,senior,
Sunday,6/4/2023,Crusaders,12,7,Rhinos,FALSE,FALSE,FALSE,,AFI,div1,senior,
Sunday,6/18/2023,Crusaders,0,19,UL Vikings,FALSE,FALSE,FALSE,,AFI,div1,senior,
Sunday,6/18/2023,Mavericks,46,11,Razorbacks,FALSE,FALSE,FALSE,,AFI,div1,senior,
Sunday,6/18/2023,Vipers,0,28,Rhinos,FALSE,FALSE,FALSE,,AFI,div1,senior,
Sunday,6/25/2023,Rhinos,0,35,Vikings,FALSE,FALSE,TRUE,Semifinal,AFI,div1,senior,
Sunday,6/25/2023,Mavericks,9,8,Crusaders,FALSE,FALSE,TRUE,Semifinal,AFI,div1,senior,
Sunday,7/9/2023,Vikings,6,2,Mavericks,FALSE,FALSE,TRUE,Division 1 Bowl,AFI,div1,senior,
Sunday,3/5/2023,Giants,8,18,Trinity,FALSE,FALSE,FALSE,,AFI,div2,senior,
Sunday,3/26/2023,Pirates,0,26,Giants,FALSE,FALSE,FALSE,,AFI,div2,senior,
Sunday,4/2/2023,Eagles,30,0,Trinity,FALSE,TRUE,FALSE,,AFI,div2,senior,
Saturday,4/15/2023,Eagles,20,6,Trinity,FALSE,FALSE,FALSE,,AFI,div2,senior,
Sunday,4/23/2023,Giants,8,7,Pirates,FALSE,FALSE,FALSE,,AFI,div2,senior,
Sunday,4/30/2023,Eagles,35,6,Giants,FALSE,FALSE,FALSE,,AFI,div2,senior,
Sunday,5/14/2023,Eagles,38,3,Pirates,FALSE,FALSE,FALSE,,AFI,div2,senior,
Sunday,5/21/2023,Trinity,16,8,Pirates,FALSE,FALSE,FALSE,,AFI,div2,senior,
Sunday,5/28/2023,Trinity,0,30,Giants,FALSE,TRUE,FALSE,,AFI,div2,senior,
Sunday,6/11/2023,Pirates,30,0,Trinity,FALSE,TRUE,FALSE,,AFI,div2,senior,
Sunday,6/11/2023,Giants,6,41,Eagles,FALSE,FALSE,FALSE,,AFI,div2,senior,
Saturday,6/17/2023,Pirates,0,30,Eagles,FALSE,TRUE,FALSE,,AFI,div2,senior,
Saturday,7/8/2023,Eagles,35,8,Giants,FALSE,FALSE,TRUE,Division 2 Bowl,AFI,div2,senior,
Saturday,7/15/2023,Minotaurs,30,27,Raptors,FALSE,FALSE,FALSE,,AFI,prem,m_flag,
Saturday,7/15/2023,Panthers,7,46,Minotaurs,FALSE,FALSE,FALSE,,AFI,prem,m_flag,
Saturday,7/15/2023,Panthers,6,6,Eagles,FALSE,FALSE,FALSE,,AFI,prem,m_flag,
Saturday,7/15/2023,Eagles,?,?,Raptors,FALSE,FALSE,FALSE,,AFI,prem,m_flag,Score unknown
Saturday,7/15/2023,Vipers,36,19,Lions,FALSE,FALSE,FALSE,,AFI,prem,m_flag,
Saturday,7/15/2023,Lions,6,47,Cowboys,FALSE,FALSE,FALSE,,AFI,prem,m_flag,
Saturday,7/15/2023,Vipers,38,12,Knights,FALSE,FALSE,FALSE,,AFI,prem,m_flag,
Saturday,7/15/2023,Knights,7,62,Cowboys,FALSE,FALSE,FALSE,,AFI,prem,m_flag,
Saturday,7/29/2023,Minotaurs,13,26,Hurricanes,FALSE,FALSE,FALSE,,AFI,prem,m_flag,
Saturday,7/29/2023,Eagles,44,13,Minotaurs,FALSE,FALSE,FALSE,,AFI,prem,m_flag,
Saturday,7/29/2023,Hurricanes,25,44,Panthers,FALSE,FALSE,FALSE,,AFI,prem,m_flag,
Saturday,7/29/2023,Eagles,26,41,Panthers,FALSE,FALSE,FALSE,,AFI,prem,m_flag,
Saturday,7/29/2023,Trojans,24,0,Lions,FALSE,FALSE,FALSE,,AFI,prem,m_flag,
Saturday,7/29/2023,Lions,12,28,Vipers,FALSE,FALSE,FALSE,,AFI,prem,m_flag,
Saturday,7/29/2023,Cowboys,42,8,Vipers,FALSE,FALSE,FALSE,,AFI,prem,m_flag,
Saturday,7/29/2023,Trojans,13,27,Cowboys,FALSE,FALSE,FALSE,,AFI,prem,m_flag,
Saturday,9/2/2023,Hurricanes,30,29,Minotaurs,FALSE,FALSE,FALSE,,AFI,prem,m_flag,
Saturday,9/2/2023,Minotaurs,6,26,Panthers,FALSE,FALSE,FALSE,,AFI,prem,m_flag,
Saturday,9/2/2023,Panthers,L,W,Raptors,FALSE,FALSE,FALSE,,AFI,prem,m_flag,Score unknown
Saturday,9/2/2023,Raptors,35,21,Hurricanes,FALSE,FALSE,FALSE,,AFI,prem,m_flag,
Saturday,9/2/2023,Vipers,27,61,Cowboys,FALSE,FALSE,FALSE,,AFI,prem,m_flag,
Saturday,9/2/2023,Trojans,35,20,Vipers,FALSE,FALSE,FALSE,,AFI,prem,m_flag,
Saturday,9/2/2023,Knights,12,41,Trojans,FALSE,FALSE,FALSE,,AFI,prem,m_flag,
Saturday,9/2/2023,Cowboys,63,13,Knights,FALSE,FALSE,FALSE,,AFI,prem,m_flag,
Saturday,9/16/2023,Panthers,26,20,Raptors,FALSE,FALSE,FALSE,,AFI,prem,m_flag,
Saturday,9/16/2023,Panthers,61,12,Hurricanes,FALSE,FALSE,FALSE,,AFI,prem,m_flag,
Saturday,9/16/2023,Hurricanes,24,24,Eagles,FALSE,FALSE,FALSE,,AFI,prem,m_flag,
Saturday,9/16/2023,Raptors,?,?,Eagles,FALSE,FALSE,FALSE,,AFI,prem,m_flag,Score unknown
Saturday,9/16/2023,Lions,12,25,Trojans,FALSE,FALSE,FALSE,,AFI,prem,m_flag,
Saturday,9/16/2023,Knights,6,33,Lions,FALSE,FALSE,FALSE,,AFI,prem,m_flag,
Saturday,9/16/2023,Knights,?,?,Vipers,FALSE,FALSE,FALSE,,AFI,prem,m_flag,Score unknown
Saturday,9/16/2023,Vipers,26,19,Trojans,FALSE,FALSE,FALSE,,AFI,prem,m_flag,
Saturday,9/30/2023,Cowboys,57,18,Trojans,FALSE,FALSE,FALSE,,AFI,prem,m_flag,
Saturday,9/30/2023,Trojans,37,27,Knights,FALSE,FALSE,FALSE,,AFI,prem,m_flag,
Saturday,9/30/2023,Raptors,35,6,Minotaurs,FALSE,FALSE,FALSE,,AFI,prem,m_flag,
Saturday,9/30/2023,Minotaurs,13,26,Eagles,FALSE,FALSE,FALSE,,AFI,prem,m_flag,
Saturday,9/30/2023,Eagles,28,26,Hurricanes,FALSE,FALSE,FALSE,,AFI,prem,m_flag,
Saturday,9/30/2023,Raptors,40,25,Hurricanes,FALSE,FALSE,FALSE,,AFI,prem,m_flag,
Saturday,9/30/2023,Lions,19,7,Knights,FALSE,FALSE,FALSE,,AFI,prem,m_flag,
Saturday,9/30/2023,Cowboys,56,0,Lions,FALSE,FALSE,FALSE,,AFI,prem,m_flag,
Saturday,10/14/2023,Knights,30,0,Minotaurs,FALSE,FALSE,FALSE,,AFI,prem,m_flag,
Saturday,10/14/2023,Minotaurs,0,30,Trojans,FALSE,FALSE,FALSE,,AFI,prem,m_flag,
Saturday,10/14/2023,Cowboys,20,21,Panthers,FALSE,FALSE,FALSE,,AFI,prem,m_flag,
Saturday,10/14/2023,Vipers,7,53,Panthers,FALSE,FALSE,FALSE,,AFI,prem,m_flag,
Saturday,10/14/2023,Lions,12,26,Eagles,FALSE,FALSE,FALSE,,AFI,prem,m_flag,
Saturday,10/14/2023,Eagles,74,20,Knights,FALSE,FALSE,FALSE,,AFI,prem,m_flag,
Saturday,10/14/2023,Lions,7,34,Hurricanes,FALSE,FALSE,FALSE,,AFI,prem,m_flag,
Saturday,10/14/2023,Vipers,?,?,Raptors,FALSE,FALSE,FALSE,,AFI,prem,m_flag,Score unknown
Saturday,10/14/2023,Trojans,25,27,Hurricanes,FALSE,FALSE,FALSE,,AFI,prem,m_flag,
Saturday,10/14/2023,Cowboys,8,29,Raptors,FALSE,FALSE,FALSE,,AFI,prem,m_flag,
Sunday,10/22/2023,Raptors,W,L,Vipers,FALSE,FALSE,TRUE,Wild Card,AFI,prem,m_flag,Score unknown
Sunday,10/22/2023,Trojans,39,30,Eagles,FALSE,FALSE,TRUE,Wild Card,AFI,prem,m_flag,
Sunday,10/22/2023,Cowboys,28,44,Raptors,FALSE,FALSE,TRUE,Semifinal,AFI,prem,m_flag,
Sunday,10/22/2023,Panthers,48,0,Trojans,FALSE,FALSE,TRUE,Semifinal,AFI,prem,m_flag,
Sunday,10/22/2023,Panthers,35,34,Raptors,FALSE,FALSE,TRUE,Emerald Bowl IX,AFI,prem,m_flag,
Saturday,7/15/2023,NI Razorbacks,12,34,North Down Dragons,FALSE,FALSE,FALSE,,AFI,div1,m_flag,
Saturday,7/15/2023,North Down Dragons,48,13,Craigavon Cowboys 2nds,FALSE,FALSE,FALSE,,AFI,div1,m_flag,
Saturday,7/15/2023,North Dublin Pirates,0,24,Cork City Outlaws,FALSE,FALSE,FALSE,,AFI,div1,m_flag,
Saturday,7/15/2023,Dublin City Wolves,30,0,North Dublin Pirates,FALSE,FALSE,FALSE,,AFI,div1,m_flag,
Saturday,7/15/2023,Laois Labs,46,12,Cill Dara Crusaders,FALSE,FALSE,FALSE,,AFI,div1,m_flag,
Saturday,7/15/2023,Laois Labs,38,18,Cork City Outlaws,FALSE,FALSE,FALSE,,AFI,div1,m_flag,
Saturday,7/15/2023,Craigavon Cowboys 2nds,13,0,Causeway Giants,FALSE,FALSE,FALSE,,AFI,div1,m_flag,
Saturday,7/15/2023,Causeway Giants,20,49,NI Razorbacks,FALSE,FALSE,FALSE,,AFI,div1,m_flag,
Saturday,7/15/2023,Dublin City Wolves,23,15,Cill Dara Crusaders,FALSE,FALSE,FALSE,,AFI,div1,m_flag,
Saturday,7/29/2023,Craigavon Cowboys 2nds,24,20,North Down Dragons,FALSE,FALSE,FALSE,,AFI,div1,m_flag,
Saturday,7/29/2023,North Down Dragons,28,6,Causeway Giants,FALSE,FALSE,FALSE,,AFI,div1,m_flag,
Saturday,7/29/2023,Cill Dara Crusaders,13,25,Laois Labs,FALSE,FALSE,FALSE,,AFI,div1,m_flag,
Saturday,7/29/2023,Laois Labs,27,13,Cork City Outlaws,FALSE,FALSE,FALSE,,AFI,div1,m_flag,
Saturday,7/29/2023,North Dublin Pirates,0,30,Dublin City Wolves,FALSE,TRUE,FALSE,,AFI,div1,m_flag,
Saturday,7/29/2023,Dublin Rebels,30,0,North Dublin Pirates,FALSE,TRUE,FALSE,,AFI,div1,m_flag,
Saturday,7/29/2023,Craigavon Cowboys 2nds,40,13,NI Razorbacks,FALSE,FALSE,FALSE,,AFI,div1,m_flag,
Saturday,7/29/2023,Causeway Giants,38,30,Antrim Jets,FALSE,FALSE,FALSE,,AFI,div1,m_flag,
Saturday,7/29/2023,Antrim Jets,L,W,NI Razorbacks,FALSE,FALSE,FALSE,,AFI,div1,m_flag,
Saturday,7/29/2023,Dublin City Wolves,L,W,Cork City Outlaws,FALSE,FALSE,FALSE,,AFI,div1,m_flag,
Saturday,9/2/2023,Cork City Outlaws,30,0,North Dublin Pirates,FALSE,TRUE,FALSE,,AFI,div1,m_flag,
Saturday,9/2/2023,Laois Labs,30,0,North Dublin Pirates,FALSE,TRUE,FALSE,,AFI,div1,m_flag,
Saturday,9/2/2023,Craigavon Cowboys 2nds,56,9,NI Razorbacks,FALSE,FALSE,FALSE,,AFI,div1,m_flag,
Saturday,9/2/2023,Craigavon Cowboys 2nds,45,20,Causeway Giants,FALSE,FALSE,FALSE,,AFI,div1,m_flag,
Saturday,9/2/2023,Antrim Jets,0,30,Causeway Giants,FALSE,TRUE,FALSE,,AFI,div1,m_flag,
Saturday,9/2/2023,NI Razorbacks,30,0,Antrim Jets,FALSE,TRUE,FALSE,,AFI,div1,m_flag,
Saturday,9/16/2023,North Down Dragons,48,6,Antrim Jets,FALSE,FALSE,FALSE,,AFI,div1,m_flag,
Saturday,9/16/2023,Causeway Giants,18,45,North Down Dragons,FALSE,FALSE,FALSE,,AFI,div1,m_flag,
Saturday,9/16/2023,Dublin Rebels,6,26,Laois Labs,FALSE,FALSE,FALSE,,AFI,div1,m_flag,
Saturday,9/16/2023,Dublin City Wolves,25,22,Laois Labs,FALSE,FALSE,FALSE,,AFI,div1,m_flag,
Saturday,9/16/2023,Causeway Giants,26,19,NI Razorbacks,FALSE,FALSE,FALSE,,AFI,div1,m_flag,
Saturday,9/16/2023,NI Razorbacks,30,0,Antrim Jets,FALSE,TRUE,FALSE,,AFI,div1,m_flag,
Saturday,9/16/2023,Cill Dara Crusaders,19,42,Dublin City Wolves,FALSE,FALSE,FALSE,,AFI,div1,m_flag,
Saturday,9/30/2023,Craigavon Cowboys 2nds,15,42,North Down Dragons,FALSE,FALSE,FALSE,,AFI,div1,m_flag,
Saturday,9/30/2023,North Down Dragons,19,6,Causeway Giants,FALSE,FALSE,FALSE,,AFI,div1,m_flag,
Saturday,9/30/2023,Cill Dara Crusaders,30,0,North Dublin Pirates,FALSE,TRUE,FALSE,,AFI,div1,m_flag,
Saturday,9/30/2023,North Dublin Pirates,0,30,Dublin Rebels,FALSE,TRUE,FALSE,,AFI,div1,m_flag,
Saturday,9/30/2023,Craigavon Cowboys 2nds,30,0,Antrim Jets,FALSE,TRUE,FALSE,,AFI,div1,m_flag,
Saturday,9/30/2023,Causeway Giants,30,0,Antrim Jets,FALSE,TRUE,FALSE,,AFI,div1,m_flag,
Saturday,9/30/2023,Dublin Rebels,W,L,Dublin City Wolves,FALSE,FALSE,FALSE,,AFI,div1,m_flag,
Saturday,9/30/2023,Cork City Outlaws,W,L,Dublin City Wolves,FALSE,FALSE,FALSE,,AFI,div1,m_flag,
Saturday,10/7/2023,North Down Dragons,36,19,NI Razorbacks,FALSE,FALSE,FALSE,,AFI,div1,m_flag,
Saturday,10/7/2023,Antrim Jets,0,30,North Down Dragons,FALSE,TRUE,FALSE,,AFI,div1,m_flag,
Saturday,10/7/2023,Laois Labs,20,13,Dublin Rebels,FALSE,FALSE,FALSE,,AFI,div1,m_flag,
Saturday,10/7/2023,Laois Labs,48,7,Dublin City Wolves,FALSE,FALSE,FALSE,,AFI,div1,m_flag,
Saturday,10/7/2023,North Dublin Pirates,0,30,Cill Dara Crusaders,FALSE,TRUE,FALSE,,AFI,div1,m_flag,
Saturday,10/7/2023,North Dublin Pirates,30,0,Laois Labs,FALSE,TRUE,FALSE,,AFI,div1,m_flag,
Saturday,10/7/2023,Craigavon Cowboys 2nds,27,12,NI Razorbacks,FALSE,FALSE,FALSE,,AFI,div1,m_flag,
Saturday,10/7/2023,Craigavon Cowboys 2nds,30,0,Antrim Jets,FALSE,TRUE,FALSE,,AFI,div1,m_flag,
Saturday,10/7/2023,Dublin City Wolves,L,W,Dublin Rebels,FALSE,FALSE,FALSE,,AFI,div1,m_flag,
?,2023,Dublin Rebels,?,?,?,FALSE,FALSE,FALSE,,AFI,div1,m_flag,Game unknown
?,2023,Dublin Rebels,?,?,?,FALSE,FALSE,FALSE,,AFI,div1,m_flag,Game unknown
?,2023,?,?,?,Dublin Rebels,FALSE,FALSE,FALSE,,AFI,div1,m_flag,Game unknown
?,2023,?,?,?,Dublin Rebels,FALSE,FALSE,FALSE,,AFI,div1,m_flag,Game unknown
?,2023,Cork City Outlaws,?,?,?,FALSE,FALSE,FALSE,,AFI,div1,m_flag,Game unknown
?,2023,Cork City Outlaws,?,?,?,FALSE,FALSE,FALSE,,AFI,div1,m_flag,Game unknown
?,2023,Cork City Outlaws,?,?,?,FALSE,FALSE,FALSE,,AFI,div1,m_flag,Game unknown
?,2023,??,?,?,Cork City Outlaws,FALSE,FALSE,FALSE,,AFI,div1,m_flag,Game unknown
?,2023,Cill Dara Crusaders,?,?,?,FALSE,FALSE,FALSE,,AFI,div1,m_flag,Game unknown
?,2023,Cill Dara Crusaders,?,?,?,FALSE,FALSE,FALSE,,AFI,div1,m_flag,Game unknown
?,2023,?,?,?,Cill Dara Crusaders,FALSE,FALSE,FALSE,,AFI,div1,m_flag,Game unknown
?,2023,?,?,?,Cill Dara Crusaders,FALSE,FALSE,FALSE,,AFI,div1,m_flag,Game unknown
Sunday,10/22/2023,Dublin Rebels,W,L,NI Razorbacks,FALSE,FALSE,TRUE,Wild Card,AFI,div1,m_flag,
Sunday,10/22/2023,Craigavon Cowboys 2nds,20,25,Cork City Outlaws,FALSE,FALSE,TRUE,Wild Card,AFI,div1,m_flag,
Sunday,10/22/2023,North Down Dragons,27,7,Dublin Rebels,FALSE,FALSE,TRUE,Semifinal,AFI,div1,m_flag,
Sunday,10/22/2023,Laois Labs,W,L,Cork City Outlaws,FALSE,FALSE,TRUE,Semifinal,AFI,div1,m_flag,
Sunday,10/22/2023,Laois Labs,26,19,North Down Dragons,FALSE,FALSE,TRUE,Glas Bowl IV,AFI,div1,m_flag,
,,,,,,,,,,AFI,,,
Sunday,3/13/2022,UCD,58,7,Knights,FALSE,FALSE,FALSE,,AFI,prem,senior,
Sunday,3/13/2022,Cowboys,35,6,Rhinos,FALSE,FALSE,FALSE,,AFI,prem,senior,
Sunday,3/20/2022,UCD,28,27,Trojans,FALSE,FALSE,FALSE,,AFI,prem,senior,
Sunday,3/20/2022,Admirals,0,20,Rebels,FALSE,FALSE,FALSE,,AFI,prem,senior,
Sunday,3/27/2022,Knights,14,15,Cowboys,FALSE,FALSE,FALSE,,AFI,prem,senior,
Sunday,4/3/2022,Panthers,42,13,Trojans,FALSE,FALSE,FALSE,,AFI,prem,senior,
Sunday,4/10/2022,Rhinos,0,52,Rebels,FALSE,FALSE,FALSE,,AFI,prem,senior,
Sunday,4/10/2022,Knights,13,19,Panthers,FALSE,FALSE,FALSE,,AFI,prem,senior,
Sunday,4/10/2022,Cowboys,8,44,UCD,FALSE,FALSE,FALSE,,AFI,prem,senior,
Sunday,4/24/2022,Rhinos,0,17,Panthers,FALSE,FALSE,FALSE,,AFI,prem,senior,
Sunday,4/24/2022,UCD,20,0,Admirals,FALSE,FALSE,FALSE,,AFI,prem,senior,
Sunday,4/24/2022,Rebels,30,7,Knights,FALSE,FALSE,FALSE,,AFI,prem,senior,
Sunday,5/1/2022,Rhinos,28,16,Cowboys,FALSE,FALSE,FALSE,,AFI,prem,senior,
Sunday,5/1/2022,Rebels,38,6,Trojans,FALSE,FALSE,FALSE,,AFI,prem,senior,
Sunday,5/15/2022,Panthers,2,24,Admirals,FALSE,FALSE,FALSE,,AFI,prem,senior,
Sunday,5/22/2022,Cowboys,13,22,Admirals,FALSE,FALSE,FALSE,,AFI,prem,senior,
Sunday,5/22/2022,Knights,21,48,Rebels,FALSE,FALSE,FALSE,,AFI,prem,senior,
Sunday,5/22/2022,UCD,37,6,Rhinos,FALSE,FALSE,FALSE,,AFI,prem,senior,
Sunday,5/29/2022,Trojans,49,19,Cowboys,FALSE,FALSE,FALSE,,AFI,prem,senior,
Sunday,5/29/2022,Panthers,6,44,UCD,FALSE,FALSE,FALSE,,AFI,prem,senior,
Sunday,6/5/2022,Trojans,35,0,Rhinos,FALSE,FALSE,FALSE,,AFI,prem,senior,
Sunday,6/5/2022,Admirals,41,21,Knights,FALSE,FALSE,FALSE,,AFI,prem,senior,
Sunday,6/12/2022,Rebels,34,30,UCD,FALSE,FALSE,FALSE,,AFI,prem,senior,
Sunday,6/19/2022,Rhinos,0,44,Admirals,FALSE,FALSE,FALSE,,AFI,prem,senior,
Sunday,6/19/2022,Trojans,33,20,Panthers,FALSE,FALSE,FALSE,,AFI,prem,senior,
Sunday,6/26/2022,Cowboys,2,58,Rebels,FALSE,FALSE,FALSE,,AFI,prem,senior,
Saturday,7/2/2022,Trojans,43,26,Knights,FALSE,FALSE,FALSE,,AFI,prem,senior,
Saturday,7/2/2022,Admirals,28,28,UCD,FALSE,FALSE,FALSE,,AFI,prem,senior,
Sunday,7/3/2022,Panthers,55,6,Cowboys,FALSE,FALSE,FALSE,,AFI,prem,senior,
Sunday,7/10/2022,Knights,34,0,Rhinos,FALSE,FALSE,FALSE,,AFI,prem,senior,
Sunday,7/10/2022,Rebels,42,13,Panthers,FALSE,FALSE,FALSE,,AFI,prem,senior,
Sunday,7/10/2022,Admirals,26,20,Trojans,FALSE,FALSE,FALSE,,AFI,prem,senior,
Sunday,7/24/2022,UCD,44,6,Admirals,FALSE,FALSE,TRUE,Semifinal,AFI,prem,senior,
Sunday,7/24/2022,Rebels,46,6,Panthers,FALSE,FALSE,TRUE,Semifinal,AFI,prem,senior,
Sunday,8/7/2022,Rebels,24,52,UCD,FALSE,FALSE,TRUE,Shamrock Bowl 34,AFI,prem,senior,
Sunday,3/13/2022,Trinity,20,0,Vipers,FALSE,FALSE,FALSE,,AFI,div1,senior,
Sunday,3/13/2022,UL Vikings,12,6,Eagles,FALSE,FALSE,FALSE,,AFI,div1,senior,
Sunday,3/27/2022,Vipers,30,12,Crusaders,FALSE,FALSE,FALSE,,AFI,div1,senior,
Sunday,3/27/2022,Trinity,6,0,UL Vikings,FALSE,FALSE,FALSE,,AFI,div1,senior,
Sunday,4/3/2022,Minotaurs,30,0,Eagles,FALSE,TRUE,FALSE,,AFI,div1,senior,
Sunday,4/10/2022,Eagles,0,22,Trinity,FALSE,FALSE,FALSE,,AFI,div1,senior,
Sunday,4/10/2022,Crusaders,39,47,UL Vikings,FALSE,FALSE,FALSE,,AFI,div1,senior,
Sunday,4/10/2022,Minotaurs,13,0,Vipers,FALSE,FALSE,FALSE,,AFI,div1,senior,
Sunday,5/1/2022,Crusaders,30,0,Eagles,FALSE,TRUE,FALSE,,AFI,div1,senior,
Sunday,5/15/2022,Eagles,0,30,Minotaurs,FALSE,TRUE,FALSE,,AFI,div1,senior,
Sunday,5/15/2022,UL Vikings,10,10,Vipers,FALSE,FALSE,FALSE,,AFI,div1,senior,
Sunday,5/29/2022,Crusaders,13,39,Trinity,FALSE,FALSE,FALSE,,AFI,div1,senior,
Sunday,5/29/2022,Vipers,7,24,Minotaurs,FALSE,FALSE,FALSE,,AFI,div1,senior,
Sunday,6/5/2022,Vipers,30,0,Trinity,FALSE,TRUE,FALSE,,AFI,div1,senior,
Sunday,6/5/2022,Eagles,0,30,Crusaders,FALSE,TRUE,FALSE,,AFI,div1,senior,
Sunday,6/5/2022,UL Vikings,0,16,Minotaurs,FALSE,FALSE,FALSE,,AFI,div1,senior,
Sunday,6/19/2022,UL Vikings,30,0,Trinity,FALSE,TRUE,FALSE,,AFI,div1,senior,
Sunday,6/19/2022,Minotaurs,34,7,Crusaders,FALSE,FALSE,FALSE,,AFI,div1,senior,
Sunday,6/26/2022,Vipers,30,0,Eagles,FALSE,TRUE,FALSE,,AFI,div1,senior,
Sunday,6/26/2022,Minotaurs,6,26,UL Vikings,FALSE,FALSE,FALSE,,AFI,div1,senior,
Saturday,7/2/2022,Trinity,0,30,Crusaders,FALSE,TRUE,FALSE,,AFI,div1,senior,
Sunday,7/10/2022,Eagles,0,30,UL Vikings,FALSE,TRUE,FALSE,,AFI,div1,senior,
Sunday,7/10/2022,Trinity,0,30,Minotaurs,FALSE,TRUE,FALSE,,AFI,div1,senior,
Sunday,7/10/2022,Crusaders,24,8,Vipers,FALSE,FALSE,FALSE,,AFI,div1,senior,
Sunday,7/17/2022,Vikings,21,18,Crusaders,FALSE,FALSE,TRUE,Semifinal,AFI,div1,senior,
Sunday,7/17/2022,Minotaurs,41,6,Vipers,FALSE,FALSE,TRUE,Semifinal,AFI,div1,senior,
Sunday,7/31/2022,Minotaurs,16,13,Vikings,FALSE,FALSE,TRUE,Division 1 Bowl,AFI,div1,senior,
Sunday,3/13/2022,Razorbacks,30,0,Giants,FALSE,TRUE,FALSE,,AFI,div2,senior,
Sunday,3/20/2022,Giants,31,16,Pirates,FALSE,FALSE,FALSE,,AFI,div2,senior,
Sunday,3/27/2022,Jets,12,27,Mavericks,FALSE,FALSE,FALSE,,AFI,div2,senior,
Sunday,4/3/2022,Mavericks,52,8,Pirates,FALSE,FALSE,FALSE,,AFI,div2,senior,
Sunday,4/3/2022,Jets,14,8,Razorbacks,FALSE,FALSE,FALSE,,AFI,div2,senior,
Sunday,4/24/2022,Pirates,0,6,Giants,FALSE,FALSE,FALSE,,AFI,div2,senior,
Thursday,4/28/2022,Pirates,0,30,Mavericks,FALSE,FALSE,FALSE,,AFI,div2,senior,
Sunday,5/1/2022,Razorbacks,20,16,Jets,FALSE,FALSE,FALSE,,AFI,div2,senior,
Sunday,5/8/2022,Mavericks,24,6,Razorbacks,FALSE,FALSE,FALSE,,AFI,div2,senior,
Sunday,5/15/2022,Giants,0,16,Jets,FALSE,FALSE,FALSE,,AFI,div2,senior,
Sunday,5/22/2022,Jets,35,0,Pirates,FALSE,FALSE,FALSE,,AFI,div2,senior,
Sunday,5/22/2022,Razorbacks,8,13,Mavericks,FALSE,FALSE,FALSE,,AFI,div2,senior,
Sunday,6/5/2022,Mavericks,39,0,Giants,FALSE,FALSE,FALSE,,AFI,div2,senior,
Sunday,6/5/2022,Pirates,0,30,Razorbacks,FALSE,TRUE,FALSE,,AFI,div2,senior,
Sunday,6/12/2022,Jets,32,0,Giants,FALSE,FALSE,FALSE,,AFI,div2,senior,
Sunday,6/26/2022,Giants,25,7,Mavericks,FALSE,FALSE,FALSE,,AFI,div2,senior,
Sunday,6/26/2022,Pirates,2,40,Jets,FALSE,FALSE,FALSE,,AFI,div2,senior,
Saturday,7/2/2022,Razorbacks,30,0,Pirates,FALSE,TRUE,FALSE,,AFI,div2,senior,
Saturday,7/9/2022,Mavericks,32,16,Jets,FALSE,FALSE,FALSE,,AFI,div2,senior,
Saturday,7/16/2022,Giants,2,13,Razorbacks,FALSE,FALSE,FALSE,,AFI,div2,senior,
Sunday,7/31/2022,Mavericks,0,22,Jets,FALSE,FALSE,TRUE,Division 2 Bowl,AFI,div2,senior,
Saturday,8/20/2022,Mavericks,0,30,Trojans,FALSE,FALSE,FALSE,,AFI,prem,m_flag,
Saturday,8/20/2022,Rebels,12,42,Panthers,FALSE,FALSE,FALSE,,AFI,prem,m_flag,
Saturday,8/20/2022,Trojans,38,6,Vipers,FALSE,FALSE,FALSE,,AFI,prem,m_flag,
Saturday,8/20/2022,Eagles,18,39,Rebels,FALSE,FALSE,FALSE,,AFI,prem,m_flag,
Saturday,8/20/2022,Panthers,57,18,Eagles,FALSE,FALSE,FALSE,,AFI,prem,m_flag,
Saturday,8/20/2022,Mavericks,0,30,Vipers,FALSE,FALSE,FALSE,,AFI,prem,m_flag,
Saturday,9/10/2022,Outlaws,22,28,Rebels,FALSE,FALSE,FALSE,,AFI,prem,m_flag,
Saturday,9/10/2022,Trojans,41,41,Lions,FALSE,FALSE,FALSE,,AFI,prem,m_flag,
Saturday,9/10/2022,Raptors,46,24,Outlaws,FALSE,FALSE,FALSE,,AFI,prem,m_flag,
Saturday,9/10/2022,Cowboys,40,21,Trojans,FALSE,FALSE,FALSE,,AFI,prem,m_flag,
Saturday,9/10/2022,Rebels,24,39,Raptors,FALSE,FALSE,FALSE,,AFI,prem,m_flag,
Saturday,9/10/2022,Cowboys,33,25,Lions,FALSE,FALSE,FALSE,,AFI,prem,m_flag,
Saturday,9/17/2022,Panthers,26,18,Trinity,FALSE,FALSE,FALSE,,AFI,prem,m_flag,
Saturday,9/17/2022,Vipers,46,14,Mavericks,FALSE,FALSE,FALSE,,AFI,prem,m_flag,
Saturday,9/17/2022,Mavericks,13,48,Cowboys,FALSE,FALSE,FALSE,,AFI,prem,m_flag,
Saturday,9/17/2022,Eagles,24,34,Panthers,FALSE,FALSE,FALSE,,AFI,prem,m_flag,
Saturday,9/17/2022,Trinity,40,14,Eagles,FALSE,FALSE,FALSE,,AFI,prem,m_flag,
Saturday,9/17/2022,Cowboys,40,27,Vipers,FALSE,FALSE,FALSE,,AFI,prem,m_flag,
Saturday,9/24/2022,MU Hurricanes,19,41,Cowboys,FALSE,FALSE,FALSE,,AFI,prem,m_flag,
Saturday,9/24/2022,Outlaws,7,27,Trinity,FALSE,FALSE,FALSE,,AFI,prem,m_flag,
Saturday,9/24/2022,Vipers,19,12,Lions,FALSE,FALSE,FALSE,,AFI,prem,m_flag,
Saturday,9/24/2022,Trinity,31,24,Rebels,FALSE,FALSE,FALSE,,AFI,prem,m_flag,
Saturday,9/24/2022,Trojans,39,34,Mavericks,FALSE,FALSE,FALSE,,AFI,prem,m_flag,
Saturday,9/24/2022,MU Hurricanes,21,39,Vipers,FALSE,FALSE,FALSE,,AFI,prem,m_flag,
Saturday,9/24/2022,Rebels,62,7,Outlaws,FALSE,FALSE,FALSE,,AFI,prem,m_flag,
Saturday,9/24/2022,Lions,32,26,Trojans,FALSE,FALSE,FALSE,,AFI,prem,m_flag,
Saturday,9/24/2022,Cowboys,23,21,Mavericks,FALSE,FALSE,FALSE,,AFI,prem,m_flag,
Saturday,10/1/2022,MU Hurricanes,7,26,Lions,FALSE,FALSE,FALSE,,AFI,prem,m_flag,
Saturday,10/1/2022,Eagles,27,18,Trinity,FALSE,FALSE,FALSE,,AFI,prem,m_flag,
Saturday,10/1/2022,Cowboys,52,39,MU Hurricanes,FALSE,FALSE,FALSE,,AFI,prem,m_flag,
Saturday,10/1/2022,Raptors,39,14,Eagles,FALSE,FALSE,FALSE,,AFI,prem,m_flag,
Saturday,10/1/2022,Lions,19,28,Cowboys,FALSE,FALSE,FALSE,,AFI,prem,m_flag,
Saturday,10/1/2022,Trinity,36,46,Raptors,FALSE,FALSE,FALSE,,AFI,prem,m_flag,
Saturday,10/8/2022,Trojans,14,39,MU Hurricanes,FALSE,FALSE,FALSE,,AFI,prem,m_flag,
Saturday,10/8/2022,Outlaws,6,52,Panthers,FALSE,FALSE,FALSE,,AFI,prem,m_flag,
Saturday,10/8/2022,Rebels,18,35,Eagles,FALSE,FALSE,FALSE,,AFI,prem,m_flag,
Saturday,10/8/2022,Panthers,45,32,Raptors,FALSE,FALSE,FALSE,,AFI,prem,m_flag,
Saturday,10/8/2022,Rebels,30,0,Trinity,FALSE,FALSE,FALSE,,AFI,prem,m_flag,
Saturday,10/8/2022,Lions,20,30,Vipers,FALSE,FALSE,FALSE,,AFI,prem,m_flag,
Saturday,10/8/2022,MU Hurricanes,55,14,Mavericks,FALSE,FALSE,FALSE,,AFI,prem,m_flag,
Saturday,10/8/2022,Outlaws,20,31,Eagles,FALSE,FALSE,FALSE,,AFI,prem,m_flag,
Saturday,10/8/2022,Trinity,0,30,Outlaws,FALSE,FALSE,FALSE,,AFI,prem,m_flag,
Saturday,10/8/2022,Trojans,24,48,Cowboys,FALSE,FALSE,FALSE,,AFI,prem,m_flag,
Saturday,10/8/2022,Vipers,14,53,Cowboys,FALSE,FALSE,FALSE,,AFI,prem,m_flag,
Saturday,10/8/2022,Mavericks,0,30,Lions,FALSE,FALSE,FALSE,,AFI,prem,m_flag,
Saturday,10/15/2022,Panthers,30,0,Rebels,FALSE,FALSE,FALSE,,AFI,prem,m_flag,
Saturday,10/15/2022,MU Hurricanes,24,20,Trojans,FALSE,FALSE,FALSE,,AFI,prem,m_flag,
Saturday,10/15/2022,Eagles,42,27,Raptors,FALSE,FALSE,FALSE,,AFI,prem,m_flag,
Saturday,10/15/2022,Trinity,0,30,Panthers,FALSE,FALSE,FALSE,,AFI,prem,m_flag,
Saturday,10/15/2022,Vipers,6,16,Trojans,FALSE,FALSE,FALSE,,AFI,prem,m_flag,
Saturday,10/15/2022,Raptors,30,0,Rebels,FALSE,FALSE,FALSE,,AFI,prem,m_flag,
Saturday,10/15/2022,Vipers,31,25,MU Hurricanes,FALSE,FALSE,FALSE,,AFI,prem,m_flag,
Saturday,10/15/2022,Eagles,42,6,Outlaws,FALSE,FALSE,FALSE,,AFI,prem,m_flag,
Saturday,10/15/2022,Raptors,30,0,Trinity,FALSE,FALSE,FALSE,,AFI,prem,m_flag,
Saturday,10/22/2022,Outlaws,24,53,Raptors,FALSE,FALSE,FALSE,,AFI,prem,m_flag,
Saturday,10/22/2022,Lions,7,40,MU Hurricanes,FALSE,FALSE,FALSE,,AFI,prem,m_flag,
Saturday,10/22/2022,Lions,31,7,Mavericks,FALSE,FALSE,FALSE,,AFI,prem,m_flag,
Saturday,10/22/2022,Panthers,62,16,Outlaws,FALSE,FALSE,FALSE,,AFI,prem,m_flag,
Saturday,10/22/2022,Mavericks,19,48,MU Hurricanes,FALSE,FALSE,FALSE,,AFI,prem,m_flag,
Saturday,10/22/2022,Raptors,31,33,Panthers,FALSE,FALSE,FALSE,,AFI,prem,m_flag,
Saturday,11/5/2022,Panthers,51,19,Vipers,FALSE,FALSE,TRUE,Semifinal,AFI,prem,m_flag,
Saturday,11/5/2022,Cowboys,39,33,Raptors,FALSE,FALSE,TRUE,Semifinal,AFI,prem,m_flag,
Saturday,11/5/2022,Panthers,39,33,Cowboys,FALSE,FALSE,TRUE,Emerald Bowl,AFI,prem,m_flag,
Saturday,8/20/2022,Crusaders,12,20,Quetzals,FALSE,FALSE,FALSE,,AFI,div1,m_flag,
Saturday,8/20/2022,Wolves,12,27,Minotaurs,FALSE,FALSE,FALSE,,AFI,div1,m_flag,
Saturday,8/20/2022,Rebels 2nd,26,6,Wolves,FALSE,FALSE,FALSE,,AFI,div1,m_flag,
Saturday,8/20/2022,Quetzals,39,28,Rebels 2nd,FALSE,FALSE,FALSE,,AFI,div1,m_flag,
Saturday,8/20/2022,Minotaurs,20,50,Crusaders,FALSE,FALSE,FALSE,,AFI,div1,m_flag,
Saturday,9/17/2022,SETU,12,21,UCD,FALSE,FALSE,FALSE,,AFI,div1,m_flag,
Saturday,9/17/2022,Minotaurs,46,13,Quetzals,FALSE,FALSE,FALSE,,AFI,div1,m_flag,
Saturday,9/17/2022,Wolves,26,13,SETU,FALSE,FALSE,FALSE,,AFI,div1,m_flag,
Saturday,9/17/2022,UCD,26,62,Minotaurs,FALSE,FALSE,FALSE,,AFI,div1,m_flag,
Saturday,9/17/2022,Quetzals,31,19,Wolves,FALSE,FALSE,FALSE,,AFI,div1,m_flag,
Saturday,9/24/2022,Lions 2nd,28,39,Jets,FALSE,FALSE,FALSE,,AFI,div1,m_flag,
Saturday,9/24/2022,Giants,33,47,Lions 2nd,FALSE,FALSE,FALSE,,AFI,div1,m_flag,
Saturday,9/24/2022,Wolves,32,35,Rebels 2nd,FALSE,FALSE,FALSE,,AFI,div1,m_flag,
Saturday,9/24/2022,SETU,0,58,Crusaders,FALSE,FALSE,FALSE,,AFI,div1,m_flag,
Saturday,9/24/2022,Knights,33,32,Giants,FALSE,FALSE,FALSE,,AFI,div1,m_flag,
Saturday,9/24/2022,Jets,26,19,UU Elks,FALSE,FALSE,FALSE,,AFI,div1,m_flag,
Saturday,9/24/2022,Crusaders,26,31,Wolves,FALSE,FALSE,FALSE,,AFI,div1,m_flag,
Saturday,9/24/2022,Minotaurs,56,6,SETU,FALSE,FALSE,FALSE,,AFI,div1,m_flag,
Saturday,9/24/2022,Rebels 2nd,35,38,Minotaurs,FALSE,FALSE,FALSE,,AFI,div1,m_flag,
Saturday,9/24/2022,UU Elks,19,24,Knights,FALSE,FALSE,FALSE,,AFI,div1,m_flag,
Saturday,10/1/2022,UCD,6,14,Crusaders,FALSE,FALSE,FALSE,,AFI,div1,m_flag,
Saturday,10/1/2022,Rebels 2nd,46,6,Quetzals,FALSE,FALSE,FALSE,,AFI,div1,m_flag,
Saturday,10/1/2022,SETU,6,47,Minotaurs,FALSE,FALSE,FALSE,,AFI,div1,m_flag,
Saturday,10/1/2022,Crusaders,28,31,Rebels 2nd,FALSE,FALSE,FALSE,,AFI,div1,m_flag,
Saturday,10/1/2022,Quetzals,24,25,SETU,FALSE,FALSE,FALSE,,AFI,div1,m_flag,
Saturday,10/1/2022,Minotaurs,42,10,UCD,FALSE,FALSE,FALSE,,AFI,div1,m_flag,
Saturday,10/8/2022,UCD,26,31,Rebels 2nd,FALSE,FALSE,FALSE,,AFI,div1,m_flag,
Saturday,10/8/2022,Knights,25,19,UU Elks,FALSE,FALSE,FALSE,,AFI,div1,m_flag,
Saturday,10/8/2022,Lions 2nd,18,35,Jets,FALSE,FALSE,FALSE,,AFI,div1,m_flag,
Saturday,10/8/2022,Rebels 2nd,26,44,Crusaders,FALSE,FALSE,FALSE,,AFI,div1,m_flag,
Saturday,10/8/2022,SETU,12,14,Quetzals,FALSE,FALSE,FALSE,,AFI,div1,m_flag,
Saturday,10/8/2022,Quetzals,20,24,UCD,FALSE,FALSE,FALSE,,AFI,div1,m_flag,
Saturday,10/8/2022,UU Elks,48,41,Lions 2nd,FALSE,FALSE,FALSE,,AFI,div1,m_flag,
Saturday,10/8/2022,Jets,26,28,Giants,FALSE,FALSE,FALSE,,AFI,div1,m_flag,
Saturday,10/8/2022,Crusaders,48,7,SETU,FALSE,FALSE,FALSE,,AFI,div1,m_flag,
Saturday,10/8/2022,Giants,24,33,Knights,FALSE,FALSE,FALSE,,AFI,div1,m_flag,
Saturday,10/15/2022,Wolves,30,28,UCD,FALSE,FALSE,FALSE,,AFI,div1,m_flag,
Saturday,10/15/2022,Knights,32,21,Jets,FALSE,FALSE,FALSE,,AFI,div1,m_flag,
Saturday,10/15/2022,Minotaurs,26,36,Rebels 2nd,FALSE,FALSE,FALSE,,AFI,div1,m_flag,
Saturday,10/15/2022,Lions 2nd,25,41,Giants,FALSE,FALSE,FALSE,,AFI,div1,m_flag,
Saturday,10/15/2022,Giants,25,38,UU Elks,FALSE,FALSE,FALSE,,AFI,div1,m_flag,
Saturday,10/15/2022,Minotaurs,39,6,Wolves,FALSE,FALSE,FALSE,,AFI,div1,m_flag,
Saturday,10/15/2022,Lions 2nd,13,34,Knights,FALSE,FALSE,FALSE,,AFI,div1,m_flag,
Saturday,10/15/2022,Rebels 2nd,44,14,SETU,FALSE,FALSE,FALSE,,AFI,div1,m_flag,
Saturday,10/15/2022,UCD,30,15,SETU,FALSE,FALSE,FALSE,,AFI,div1,m_flag,
Saturday,10/15/2022,UU Elks,20,28,Jets,FALSE,FALSE,FALSE,,AFI,div1,m_flag,
Saturday,10/22/2022,Knights,33,18,UU Elks,FALSE,FALSE,FALSE,,AFI,div1,m_flag,
Saturday,10/22/2022,Jets,31,26,Lions 2nd,FALSE,FALSE,FALSE,,AFI,div1,m_flag,
Saturday,10/22/2022,Crusaders,30,27,UCD,FALSE,FALSE,FALSE,,AFI,div1,m_flag,
Saturday,10/22/2022,Giants,12,50,Wolves,FALSE,FALSE,FALSE,,AFI,div1,m_flag,
Saturday,10/22/2022,UCD,30,0,Quetzals,FALSE,FALSE,FALSE,,AFI,div1,m_flag,
Saturday,10/22/2022,Jets,32,0,Knights,FALSE,FALSE,FALSE,,AFI,div1,m_flag,
Saturday,10/22/2022,Quetzals,0,30,Crusaders,FALSE,TRUE,FALSE,,AFI,div1,m_flag,
Saturday,10/22/2022,UU Elks,35,41,Giants,FALSE,FALSE,FALSE,,AFI,div1,m_flag,
Saturday,10/22/2022,Wolves,44,31,Lions 2nd,FALSE,FALSE,FALSE,,AFI,div1,m_flag,
Saturday,10/29/2022,Lions 2nd,31,13,UU Elks,FALSE,FALSE,FALSE,,AFI,div1,m_flag,
Saturday,10/29/2022,Giants,28,44,Jets,FALSE,FALSE,FALSE,,AFI,div1,m_flag,
Saturday,10/29/2022,UU Elks,27,14,Giants,FALSE,FALSE,FALSE,,AFI,div1,m_flag,
Saturday,10/29/2022,Knights,33,12,Lions 2nd,FALSE,FALSE,FALSE,,AFI,div1,m_flag,
Saturday,10/29/2022,Jets,6,20,Knights,FALSE,FALSE,FALSE,,AFI,div1,m_flag,
Saturday,11/5/2022,Knights,39,33,Jets,FALSE,FALSE,TRUE,Semifinal,AFI,div1,m_flag,
Saturday,11/5/2022,Minotaurs,45,18,Crusaders,FALSE,FALSE,TRUE,Semifinal,AFI,div1,m_flag,
Saturday,11/5/2022,Knights,12,46,Minotaurs,FALSE,FALSE,TRUE,Glas Bowl III,AFI,div1,m_flag,
Sunday,9/11/2022,Panthers,0,0,Vipers,FALSE,FALSE,FALSE,,AFI,prem,Youth,
Sunday,9/11/2022,Admirals,24,0,Trojans,FALSE,FALSE,FALSE,,AFI,prem,Youth,
Sunday,9/11/2022,Vipers,0,28,Admirals,FALSE,FALSE,FALSE,,AFI,prem,Youth,
Sunday,9/11/2022,Trojans,0,14,Panthers,FALSE,FALSE,FALSE,,AFI,prem,Youth,
Sunday,9/25/2022,Trojans,8,10,Knights,FALSE,FALSE,FALSE,,AFI,prem,Youth,
Sunday,9/25/2022,Vipers,14,0,Trojans,FALSE,FALSE,FALSE,,AFI,prem,Youth,
Sunday,9/25/2022,Knights,12,0,Vipers,FALSE,FALSE,FALSE,,AFI,prem,Youth,
Sunday,10/23/2022,Admirals,26,0,Panthers,FALSE,FALSE,FALSE,,AFI,prem,Youth,
Sunday,10/23/2022,Panthers,26,12,Knights,FALSE,FALSE,FALSE,,AFI,prem,Youth,
Sunday,10/23/2022,Knights,6,20,Admirals,FALSE,FALSE,FALSE,,AFI,prem,Youth,
Sunday,11/6/2022,Admirals,20,0,Vipers,FALSE,FALSE,TRUE,Semifinal,AFI,prem,Youth,
Sunday,11/6/2022,Panthers,W,L,Knights,FALSE,FALSE,TRUE,Semifinal,AFI,prem,Youth,Score unknown
Sunday,11/6/2022,Admirals,21,0,Panthers,FALSE,FALSE,TRUE,Final,AFI,prem,Youth,